"","date","party","approve_rate","approve_lower","approve_upper"
"1",2019-12-29,"더불어민주당",36.1612926267796,36.1450832553674,36.1773081065781
"2",2019-12-30,"더불어민주당",36.3573423251654,35.045505864895,37.6694734517445
"3",2019-12-31,"더불어민주당",36.5642758346747,34.8234118768741,38.2561570130138
"4",2020-01-01,"더불어민주당",37.2760704725481,35.3173417455997,39.2459295657099
"5",2020-01-02,"더불어민주당",37.9866115719164,35.9586971993553,39.9924800406154
"6",2020-01-03,"더불어민주당",38.0735021345074,35.8617520761916,40.3025655217253
"7",2020-01-04,"더불어민주당",38.1700029986312,35.726639896034,40.6020901156406
"8",2020-01-05,"더불어민주당",38.2542783723752,35.5623527741879,40.9652473299649
"9",2020-01-06,"더불어민주당",38.3566262869207,35.3990734589719,41.2397951127085
"10",2020-01-07,"더불어민주당",38.3991860725431,35.3413839615622,41.4544146227614
"11",2020-01-08,"더불어민주당",38.5193968285428,35.341727118039,41.6855397534605
"12",2020-01-09,"더불어민주당",38.6183616286361,35.2783180231315,41.9223271604263
"13",2020-01-10,"더불어민주당",38.6432781983044,35.2472996945232,42.0121076215488
"14",2020-01-11,"더불어민주당",38.7285392336729,35.2987757587823,42.1587121912117
"15",2020-01-12,"더불어민주당",38.7978630253426,35.2831095672253,42.31795156378
"16",2020-01-13,"더불어민주당",38.950271938816,35.5783398513136,42.4109072273028
"17",2020-01-14,"더불어민주당",39.0006626686528,35.5084305590961,42.4980742506376
"18",2020-01-15,"더불어민주당",39.0692889213414,35.6257678612891,42.4839111577577
"19",2020-01-16,"더불어민주당",39.1719212846537,35.82091700117,42.4861909297702
"20",2020-01-17,"더불어민주당",39.2254048192591,35.9204138778037,42.5443365126503
"21",2020-01-18,"더불어민주당",39.2823354985936,36.0426193325496,42.5303964373074
"22",2020-01-19,"더불어민주당",39.33521897222,36.2310814360898,42.4181385984595
"23",2020-01-20,"더불어민주당",39.3795710184774,36.5039814681507,42.3082422615564
"24",2020-01-21,"더불어민주당",39.4724568843039,36.8554419903507,42.1076010244314
"25",2020-01-22,"더불어민주당",39.5174068214313,37.2286968449247,41.8457495747188
"26",2020-01-23,"더불어민주당",40.1587811468565,38.0769967515276,42.2618928560633
"27",2020-01-24,"더불어민주당",40.0601155334959,37.7346038983427,42.43340705759
"28",2020-01-25,"더불어민주당",39.9867008017696,37.358476069034,42.5376493541386
"29",2020-01-26,"더불어민주당",39.9224938896998,37.2074322710585,42.5643909518283
"30",2020-01-27,"더불어민주당",39.8113535391416,37.091270339621,42.5100100791208
"31",2020-01-28,"더불어민주당",39.7880831532488,37.1456084791526,42.4891528721899
"32",2020-01-29,"더불어민주당",39.7239189822529,37.1017683559726,42.2862322704557
"33",2020-01-30,"더불어민주당",39.6705927605437,37.1975972919195,42.1566318080162
"34",2020-01-31,"더불어민주당",39.0629358913294,36.4663590858478,41.675619791217
"35",2020-02-01,"더불어민주당",39.0684547316015,36.1832724602231,41.9259725806937
"36",2020-02-02,"더불어민주당",39.126143851877,36.0444554047451,42.1690614893846
"37",2020-02-03,"더불어민주당",39.2132231610191,35.9722324883566,42.3568560458059
"38",2020-02-04,"더불어민주당",39.1703345519086,35.7586559080836,42.5127640397689
"39",2020-02-05,"더불어민주당",39.2610063389167,35.8085239232275,42.7039435306316
"40",2020-02-06,"더불어민주당",39.2347950730234,35.7407310097001,42.7231968764301
"41",2020-02-07,"더불어민주당",39.3070178629103,35.615536417146,42.9839137528462
"42",2020-02-08,"더불어민주당",39.3715259049687,35.6413097450845,43.0495944393228
"43",2020-02-09,"더불어민주당",39.3512941134615,35.5562269710527,43.1412545546855
"44",2020-02-10,"더불어민주당",39.3971603549402,35.609527607826,43.172116134741
"45",2020-02-11,"더불어민주당",39.3952529000547,35.5657266434186,43.2530864234894
"46",2020-02-12,"더불어민주당",39.4364782354314,35.6136383846963,43.2120236629934
"47",2020-02-13,"더불어민주당",39.4547987098546,35.7430411267172,43.1690196480936
"48",2020-02-14,"더불어민주당",39.4614700330197,35.8911082783563,43.0199025015311
"49",2020-02-15,"더불어민주당",39.5090208551231,36.1006975525571,43.0083632560539
"50",2020-02-16,"더불어민주당",39.5096971213073,36.1591737085434,42.8055191617731
"51",2020-02-17,"더불어민주당",39.5279667842153,36.4132827694125,42.6514720425318
"52",2020-02-18,"더불어민주당",39.5469538078603,36.6483324020652,42.4920556383198
"53",2020-02-19,"더불어민주당",39.5321815506035,36.9829005244024,42.1866312486227
"54",2020-02-20,"더불어민주당",39.7818647887269,37.1541901395072,42.3843273447783
"55",2020-02-21,"더불어민주당",40.0009457776193,37.4855908288737,42.4665548270461
"56",2020-02-22,"더불어민주당",40.3179935060111,38.0536525500204,42.6023214285892
"57",2020-02-23,"더불어민주당",40.5883805725369,38.6197598221833,42.5197356892395
"58",2020-02-24,"더불어민주당",40.3110683946556,38.1334190380274,42.5192947184248
"59",2020-02-25,"더불어민주당",40.0849419878394,37.7882177962192,42.3930319919391
"60",2020-02-26,"더불어민주당",39.9087707174647,37.6284829138354,42.2114916138898
"61",2020-02-27,"더불어민주당",39.6645147249111,37.4528766802057,41.8746982379742
"62",2020-02-28,"더불어민주당",39.9090974933101,37.6122126193693,42.1789617995861
"63",2020-02-29,"더불어민주당",40.2207287974178,38.0442112840548,42.3912540021331
"64",2020-03-01,"더불어민주당",40.2090439052024,38.0044130174914,42.441214301051
"65",2020-03-02,"더불어민주당",40.2021858788707,37.9002964113092,42.5176612925777
"66",2020-03-03,"더불어민주당",40.2624715362251,37.9592394339607,42.5596882392014
"67",2020-03-04,"더불어민주당",40.2928349033209,38.1319036680965,42.4367645265004
"68",2020-03-05,"더불어민주당",40.5137012799065,38.3091744875905,42.6963180083759
"69",2020-03-06,"더불어민주당",40.7334654281173,38.6988804296522,42.7606250720531
"70",2020-03-07,"더불어민주당",40.7674172224629,38.8209935822591,42.7127834537853
"71",2020-03-08,"더불어민주당",41.1205001051418,39.1012514773757,43.1447505001726
"72",2020-03-09,"더불어민주당",41.4603693474187,39.1945852346035,43.7613096667807
"73",2020-03-10,"더불어민주당",41.8282780769831,39.498189666146,44.0968234790058
"74",2020-03-11,"더불어민주당",42.2182674784873,39.8729679887102,44.5086254059487
"75",2020-03-12,"더불어민주당",42.6172206023831,40.438376060817,44.8040535480027
"76",2020-03-13,"더불어민주당",43.0083070337426,40.986623889135,45.0392542985253
"77",2020-03-14,"더불어민주당",43.3695761796001,41.7067375809263,45.0175956901329
"78",2020-03-15,"더불어민주당",44.1003691736668,42.8528235413393,45.3627202423246
"79",2020-03-16,"더불어민주당",44.7868782324745,44.7704391357783,44.8033077043195
"80",2020-01-21,"미래통합당",29.6692128489169,29.652645240061,29.6862885247201
"81",2020-01-22,"미래통합당",29.7305831353165,28.4132002643044,31.0707314770495
"82",2020-01-23,"미래통합당",29.8322947114467,27.9473209041386,31.7152459199026
"83",2020-01-24,"미래통합당",29.90152571478,27.5887352816006,32.2107556657847
"84",2020-01-25,"미래통합당",29.9900303630697,27.3407250586825,32.6006672200232
"85",2020-01-26,"미래통합당",30.0361662810281,27.1797996192228,32.9241130690056
"86",2020-01-27,"미래통합당",30.0811297580009,27.0410742586251,33.1256383019374
"87",2020-01-28,"미래통합당",30.1553291617784,26.9187504611208,33.4224789723338
"88",2020-01-29,"미래통합당",30.2552703833706,26.8316260469057,33.6446134484338
"89",2020-01-30,"미래통합당",30.3400396601193,26.8466168780136,33.8731836970483
"90",2020-01-31,"미래통합당",30.4664572092511,26.8836147390465,34.0132410141667
"91",2020-02-01,"미래통합당",30.4754365117524,26.9466773182192,34.0469857846857
"92",2020-02-02,"미래통합당",30.5420145809924,26.8619700994688,34.1943009228233
"93",2020-02-03,"미래통합당",30.6563512967688,27.0401906912596,34.305542109086
"94",2020-02-04,"미래통합당",30.7009978484914,27.0073136330448,34.3478250105738
"95",2020-02-05,"미래통합당",30.7783793662179,27.0203034913607,34.5130244056779
"96",2020-02-06,"미래통합당",30.8277621251124,27.0548522335298,34.6065860552912
"97",2020-02-07,"미래통합당",30.8934916553467,27.0721576280809,34.7262564487534
"98",2020-02-08,"미래통합당",31.0066947240125,27.1439510530535,34.8893215514284
"99",2020-02-09,"미래통합당",31.0567969433909,27.154714365568,34.9328821018666
"100",2020-02-10,"미래통합당",31.1364759113448,27.3204685444114,34.9503341950362
"101",2020-02-11,"미래통합당",31.0989420519278,27.40304651734,34.8328593628277
"102",2020-02-12,"미래통합당",31.1128021645717,27.4428603884236,34.8083180885553
"103",2020-02-13,"미래통합당",31.1792282962321,27.6506835204687,34.7090528371323
"104",2020-02-14,"미래통합당",31.2142353406437,27.840296262306,34.5602385495108
"105",2020-02-15,"미래통합당",31.2541314429878,27.9592455452708,34.5006053155867
"106",2020-02-16,"미래통합당",31.3601058953984,28.302211551707,34.4176347997952
"107",2020-02-17,"미래통합당",31.3665607717103,28.5530302498624,34.1696324793939
"108",2020-02-18,"미래통합당",31.2737689527081,28.5275256144205,34.0216171748458
"109",2020-02-19,"미래통합당",31.1638827626195,28.476372061641,33.8344902428826
"110",2020-02-20,"미래통합당",31.1124520580172,28.5917274083987,33.5371557906812
"111",2020-02-21,"미래통합당",31.0494107046805,28.8800477475843,33.2373135291587
"112",2020-02-22,"미래통합당",31.1338928759593,28.7779439557596,33.4743817797877
"113",2020-02-23,"미래통합당",31.1486446933225,28.752616737554,33.6225051908955
"114",2020-02-24,"미래통합당",31.1819620570175,28.8553994168315,33.560219657756
"115",2020-02-25,"미래통합당",31.2351667849451,29.0517489890595,33.4524307900174
"116",2020-02-26,"미래통합당",31.7908842270449,29.4410656642628,34.1592708688552
"117",2020-02-27,"미래통합당",32.3267136478145,29.8381704485799,34.7657807211411
"118",2020-02-28,"미래통합당",32.2898887059359,29.9074709224349,34.6937384674319
"119",2020-02-29,"미래통합당",31.9999725616841,29.5471052864043,34.4502521960672
"120",2020-03-01,"미래통합당",31.7160392943538,29.4082558267418,34.057555010703
"121",2020-03-02,"미래통합당",31.4477230855031,29.341713373235,33.5869651664175
"122",2020-03-03,"미래통합당",31.2961771673199,29.2401946845237,33.3836581960151
"123",2020-03-04,"미래통합당",31.1879293596385,29.3729229549999,32.9846972308326
"124",2020-03-05,"미래통합당",31.4128112755169,29.6796050146037,33.1393774069735
"125",2020-03-06,"미래통합당",32.0349004079934,29.9431638984618,34.1398674993615
"126",2020-03-07,"미래통합당",32.3251058699365,29.9199872946511,34.6998944116615
"127",2020-03-08,"미래통합당",32.6469699762835,29.9835014322857,35.2934506305655
"128",2020-03-09,"미래통합당",32.9539374057982,30.1572829999743,35.7705077378203
"129",2020-03-10,"미래통합당",33.3041866960388,30.4598482623307,36.0980206041383
"130",2020-03-11,"미래통합당",33.5912080160411,30.816884128539,36.3914802003524
"131",2020-03-12,"미래통합당",33.9115863592798,31.1944498379113,36.630450677596
"132",2020-03-13,"미래통합당",33.2735824410813,31.0510601301865,35.4762542830229
"133",2020-03-14,"미래통합당",32.576220455434,30.9559148379129,34.1807378210823
"134",2020-02-21,"민생당",1.70671008371027,1.69007997974324,1.72310609974365
"135",2020-02-22,"민생당",1.72579714624828,0.864967823001301,2.58409850122398
"136",2020-02-23,"민생당",1.7726177844982,0.817135003594343,2.73059310176444
"137",2020-02-24,"민생당",1.89359938378955,0.646462595430838,3.16506693598502
"138",2020-02-25,"민생당",2.00558193800209,0.586781035509926,3.43134612144466
"139",2020-02-26,"민생당",2.15925279035788,0.654692450275376,3.66269285771957
"140",2020-02-27,"민생당",2.26374085155468,0.776874192094133,3.7504956949727
"141",2020-02-28,"민생당",2.35218738539204,1.00646544699147,3.73197256790859
"142",2020-02-29,"민생당",2.43857724205522,1.3625979625309,3.54039021149119
"143",2020-03-01,"민생당",2.65419685322895,1.58981718674552,3.72208280793847
"144",2020-03-02,"민생당",2.75962275473381,1.46586572665551,4.07355501356759
"145",2020-03-03,"민생당",2.85646441429595,1.49651194885005,4.20525391445236
"146",2020-03-04,"민생당",2.96013925955786,1.785061593116,4.14465176787221
"147",2020-03-05,"민생당",2.8372864788192,1.60525917132302,4.06005730793998
"148",2020-03-06,"민생당",2.71144366088066,1.70277681167327,3.73809135315932
"149",2020-03-07,"민생당",2.44554433775106,1.61651545373806,3.27130983403799
"150",2020-03-08,"민생당",1.46501773788213,0.974046108562537,1.9603258744209
"151",2020-03-09,"민생당",1.45282775675841,0.572405500080802,2.35529688416754
"152",2020-03-10,"민생당",1.37787262922176,0.341538158609261,2.44529436423474
"153",2020-03-11,"민생당",1.28178264700353,0.186884854871258,2.39073426710268
"154",2020-03-12,"민생당",1.1367087695098,0.0945473964513461,2.20143721683756
"155",2020-03-13,"민생당",0.965516703910465,0.0334551736069746,1.90128470446456
"156",2020-03-14,"민생당",0.648189239088632,-0.0187849791194757,1.32051128670408
"157",2020-03-15,"민생당",1.05435333230252,0.301880339433921,1.79293207429376
"158",2020-03-16,"민생당",1.4222357887917,1.4061993061936,1.43839096822332
"159",2019-12-29,"정의당",19.7501992448087,19.7337731454705,19.7670202238459
"160",2019-12-30,"정의당",19.4113357999959,17.571068472273,21.2679373041656
"161",2019-12-31,"정의당",19.082856587609,16.8359120530116,21.3626830755471
"162",2020-01-01,"정의당",19.0847753616364,16.5791562129741,21.6043366403093
"163",2020-01-02,"정의당",19.0239106560755,16.54606859341,21.5187348762888
"164",2020-01-03,"정의당",18.8968159277191,16.4101987008642,21.3226029451076
"165",2020-01-04,"정의당",18.9832895599532,15.8380356390254,22.1296118121751
"166",2020-01-05,"정의당",19.0470514102957,15.5000280128405,22.5966483011529
"167",2020-01-06,"정의당",19.1551375164047,15.2452815398859,23.0122121035306
"168",2020-01-07,"정의당",19.207131713222,15.0740577820871,23.3415764676012
"169",2020-01-08,"정의당",19.245533177579,14.8152084248344,23.6325221117059
"170",2020-01-09,"정의당",19.2498839970193,14.7329286843758,23.8314368584402
"171",2020-01-10,"정의당",19.2651676505969,14.5655769791079,23.9425891817722
"172",2020-01-11,"정의당",19.3033263093693,14.6518194901481,23.9167076849537
"173",2020-01-12,"정의당",19.2200104975922,14.5725967222388,23.8172157909587
"174",2020-01-13,"정의당",19.2919567360735,14.6057034977938,23.9873500386096
"175",2020-01-14,"정의당",19.2487706875661,14.5554434744517,23.8017281306784
"176",2020-01-15,"정의당",19.2754570235519,14.6721523497346,23.8681809783122
"177",2020-01-16,"정의당",19.2589717019018,14.9268001681266,23.6790587968259
"178",2020-01-17,"정의당",19.3722089770366,15.0762730265608,23.6087047802083
"179",2020-01-18,"정의당",19.4206550896557,15.3808352363078,23.4778048824216
"180",2020-01-19,"정의당",19.4338536078819,15.7448709037535,23.1338783349771
"181",2020-01-20,"정의당",19.5030058264995,16.1598666057331,22.8198045904821
"182",2020-01-21,"정의당",19.5115205693782,16.6979155629282,22.2826302708301
"183",2020-01-22,"정의당",19.5064100132842,17.3909244973851,21.6009960414955
"184",2020-01-23,"정의당",17.2688717462842,15.525781740152,18.9985252463781
"185",2020-01-24,"정의당",17.3082087729463,14.7959986999578,19.8080127572365
"186",2020-01-25,"정의당",17.3970854180848,14.5187944662548,20.2697773241972
"187",2020-01-26,"정의당",17.478998416916,14.2360455992564,20.65170309296
"188",2020-01-27,"정의당",17.5419175716596,14.1712761480357,20.7739735019794
"189",2020-01-28,"정의당",17.5704833141036,14.3314777810458,20.8734581088222
"190",2020-01-29,"정의당",17.6623601894612,14.6711994431725,20.698519134174
"191",2020-01-30,"정의당",17.7300207751328,15.0689620945719,20.39038570037
"192",2020-01-31,"정의당",17.4526812539831,14.6457952577617,20.1721789053513
"193",2020-02-01,"정의당",17.3960049798223,14.006007178246,20.7567275925853
"194",2020-02-02,"정의당",17.2963284260877,13.488951974104,21.1039626478222
"195",2020-02-03,"정의당",17.1704462949065,13.0040283094918,21.3930138396291
"196",2020-02-04,"정의당",17.0740948666245,12.6999361494404,21.5612416360375
"197",2020-02-05,"정의당",16.9540513041031,12.2655837415942,21.6682814947631
"198",2020-02-06,"정의당",16.8903617300646,12.1339384153253,21.7817057680373
"199",2020-02-07,"정의당",16.7740373929415,11.7179415554266,21.7123630406474
"200",2020-02-08,"정의당",16.6130792245511,11.6645561866282,21.5272514352966
"201",2020-02-09,"정의당",16.5935740100758,11.4876828381841,21.6416014719254
"202",2020-02-10,"정의당",16.4984865959674,11.5255591787222,21.4702562574566
"203",2020-02-11,"정의당",16.4303999917973,11.4545233472574,21.291049249395
"204",2020-02-12,"정의당",16.2382060397723,11.2781120441631,21.1749016523961
"205",2020-02-13,"정의당",16.1584599526536,11.3332536606272,20.9193774715923
"206",2020-02-14,"정의당",16.0422923917923,11.4085915176917,20.6802344680204
"207",2020-02-15,"정의당",15.9343417962114,11.5425924968515,20.2065124020997
"208",2020-02-16,"정의당",15.8858566090317,11.7903141560945,19.9750460802017
"209",2020-02-17,"정의당",15.7693526584147,12.0391437154881,19.5373815079223
"210",2020-02-18,"정의당",15.7227715968172,12.517877035585,18.9260324337744
"211",2020-02-19,"정의당",15.5665200529858,12.9871897481452,18.1088193020793
"212",2020-02-20,"정의당",15.7559282911656,12.9984440348609,18.5466305831083
"213",2020-02-21,"정의당",16.0206984341963,13.4110751562043,18.6750738147369
"214",2020-02-22,"정의당",16.2049515375097,13.8300211157958,18.5917255346944
"215",2020-02-23,"정의당",16.4146311360516,14.7747594369561,18.0619198195336
"216",2020-02-24,"정의당",17.4218427859519,15.1583485306376,19.7034092832624
"217",2020-02-25,"정의당",18.2999235544708,15.8313674907566,20.7638900185642
"218",2020-02-26,"정의당",19.1796299982946,16.7934468250373,21.5786941628816
"219",2020-02-27,"정의당",20.1232722070623,17.9930794606763,22.2840573663229
"220",2020-02-28,"정의당",18.9589067112461,16.792038822497,21.1113207635518
"221",2020-02-29,"정의당",17.8114887300914,15.901979847945,19.7036532281516
"222",2020-03-01,"정의당",18.6402679867636,16.7266170430185,20.5717973732945
"223",2020-03-02,"정의당",18.1688072118771,15.8445235992502,20.4864093725612
"224",2020-03-03,"정의당",17.718952151435,15.3575285206422,20.0869844064642
"225",2020-03-04,"정의당",17.2357765311039,15.3198526016206,19.1424777621143
"226",2020-03-05,"정의당",17.8020829388998,15.6169380240745,20.0094663526373
"227",2020-03-06,"정의당",18.3092235384216,16.488750554334,20.1558753899917
"228",2020-03-07,"정의당",18.3172929815263,16.614451726861,20.010334594944
"229",2020-03-08,"정의당",18.7632513025672,16.8989806758442,20.6066950897593
"230",2020-03-09,"정의당",18.4524869945803,15.9254385538252,20.9657104167282
"231",2020-03-10,"정의당",18.1367890569183,15.3435046254908,20.9815942356062
"232",2020-03-11,"정의당",17.7789015082825,14.8517313719425,20.7285914482134
"233",2020-03-12,"정의당",17.509132507868,14.66575953003,20.2929539695018
"234",2020-03-13,"정의당",17.2266054191688,14.7208996819192,19.7774834413195
"235",2020-03-14,"정의당",16.8916813710569,15.0604866773108,18.778200572695
"236",2020-03-15,"정의당",15.775745181813,14.0399267539914,17.4812828550281
"237",2020-03-16,"정의당",14.5732986486382,14.556251093748,14.5905999516993
"238",2020-02-21,"국민의당",5.93620002001524,5.91942340848733,5.95263265728023
"239",2020-02-22,"국민의당",7.10960994989694,5.84247094812245,8.40010513913721
"240",2020-02-23,"국민의당",8.29992333016687,7.14057226408597,9.45005742696227
"241",2020-02-24,"국민의당",8.23453420686246,6.53127636223366,9.95027209111179
"242",2020-02-25,"국민의당",8.2330939107267,6.4031692330274,10.0600010950996
"243",2020-02-26,"국민의당",8.18777821088717,6.44957691810085,9.93221008704356
"244",2020-02-27,"국민의당",8.14175864463681,6.93839889497403,9.32963328041244
"245",2020-02-28,"국민의당",7.65056934698746,6.17943291895485,9.1022864284846
"246",2020-02-29,"국민의당",7.17772123699466,5.93147258142505,8.42582534650252
"247",2020-03-01,"국민의당",6.3987363906685,5.0304324462391,7.78613095156605
"248",2020-03-02,"국민의당",6.54448580740972,4.79276839075907,8.31682537830746
"249",2020-03-03,"국민의당",6.76298312344946,5.00453542570997,8.51709548188519
"250",2020-03-04,"국민의당",6.89881000865747,5.65422350784322,8.1314831439356
"251",2020-03-05,"국민의당",7.72102692769106,6.07837682953055,9.36481870358205
"252",2020-03-06,"국민의당",8.4988837568096,7.0132339796896,10.0239779910102
"253",2020-03-07,"국민의당",8.98003555827115,7.60060027056884,10.3373593351402
"254",2020-03-08,"국민의당",8.70775761065117,7.52516403263021,9.87589492487462
"255",2020-03-09,"국민의당",8.53348727652694,6.65002334387398,10.4077371095542
"256",2020-03-10,"국민의당",8.31692419650168,6.14331718961995,10.4629542401704
"257",2020-03-11,"국민의당",8.13739831940724,5.91309196291253,10.3484100068178
"258",2020-03-12,"국민의당",7.93281880055223,5.83572161067453,10.040230130245
"259",2020-03-13,"국민의당",7.71855998494883,5.82995466697956,9.54362256629556
"260",2020-03-14,"국민의당",7.52008289454947,6.17077048745662,8.90651589375796
"261",2020-03-15,"국민의당",7.48471522500871,6.20805739328726,8.75647541277389
"262",2020-03-16,"국민의당",7.46468104836319,7.44768513571394,7.48147751261511
"263",2019-12-29,"자유공화당",1.25155077930076,1.2346334121916,1.26858955833846
"264",2019-12-30,"자유공화당",1.2468154894554,1.06363808964327,1.43253370971481
"265",2019-12-31,"자유공화당",1.24711199412286,1.00089199384901,1.49560284774163
"266",2020-01-01,"자유공화당",1.2467848911106,0.952098631873824,1.54010492167694
"267",2020-01-02,"자유공화당",1.24907320227429,0.90144959699312,1.5939374086701
"268",2020-01-03,"자유공화당",1.2424169707468,0.857845619524821,1.63374665567457
"269",2020-01-04,"자유공화당",1.24208242207865,0.827401267100919,1.66548523143371
"270",2020-01-05,"자유공화당",1.23952483353761,0.804324093604764,1.68261745769736
"271",2020-01-06,"자유공화당",1.2373109264056,0.778324870621893,1.69773098506727
"272",2020-01-07,"자유공화당",1.23275101359127,0.762094249718613,1.70018812844043
"273",2020-01-08,"자유공화당",1.22964735301315,0.752472104877758,1.70855488129771
"274",2020-01-09,"자유공화당",1.22538988051556,0.732001045068817,1.71116822594838
"275",2020-01-10,"자유공화당",1.2251633050842,0.727826627417234,1.71262415460735
"276",2020-01-11,"자유공화당",1.22679195882607,0.726253444970862,1.72723826348461
"277",2020-01-12,"자유공화당",1.21903223714259,0.714682632042695,1.72605904241914
"278",2020-01-13,"자유공화당",1.21354782717636,0.710829418467835,1.71812759446824
"279",2020-01-14,"자유공화당",1.21567791359948,0.716286535873428,1.72016502162312
"280",2020-01-15,"자유공화당",1.21336695950522,0.704134379384229,1.7052313931798
"281",2020-01-16,"자유공화당",1.21012700150413,0.717680422705161,1.71632787372639
"282",2020-01-17,"자유공화당",1.21684309257139,0.718851985297513,1.72829774198916
"283",2020-01-18,"자유공화당",1.21638740344521,0.732839656913651,1.70425413984913
"284",2020-01-19,"자유공화당",1.21768096841534,0.735359785043283,1.70462449162019
"285",2020-01-20,"자유공화당",1.22016291822742,0.760793691089308,1.67734104901526
"286",2020-01-21,"자유공화당",1.22991181557007,0.787501474067047,1.6608314993813
"287",2020-01-22,"자유공화당",1.22804420796148,0.811012147270101,1.64991090824249
"288",2020-01-23,"자유공화당",1.23156004726051,0.8208280803861,1.63740815536601
"289",2020-01-24,"자유공화당",1.21635151904799,0.783226872072299,1.64608444596512
"290",2020-01-25,"자유공화당",1.20466808393505,0.755562632321342,1.6413720020076
"291",2020-01-26,"자유공화당",1.18965735827495,0.723888481065522,1.66764408680629
"292",2020-01-27,"자유공화당",1.18354978433277,0.707811894631456,1.6562769763801
"293",2020-01-28,"자유공화당",1.17295064545186,0.684005988762145,1.65310339010685
"294",2020-01-29,"자유공화당",1.15980448240082,0.680361702811121,1.64376260848045
"295",2020-01-30,"자유공화당",1.15400416589527,0.671169594635552,1.62832324075144
"296",2020-01-31,"자유공화당",1.14509108727597,0.653420150423042,1.6428772670722
"297",2020-02-01,"자유공화당",1.12698460168945,0.609081377832067,1.63726596066974
"298",2020-02-02,"자유공화당",1.12540660200478,0.602689270102995,1.64791237512155
"299",2020-02-03,"자유공화당",1.10244556623731,0.569604464296291,1.63462495931899
"300",2020-02-04,"자유공화당",1.09457661416009,0.546572462016731,1.6352585171621
"301",2020-02-05,"자유공화당",1.08727598238302,0.533908739908967,1.63628030185829
"302",2020-02-06,"자유공화당",1.07149150599187,0.524619758008307,1.6261813524866
"303",2020-02-07,"자유공화당",1.05906345307095,0.500348709484067,1.62355453266554
"304",2020-02-08,"자유공화당",1.05020803436222,0.486694765502882,1.60534281795493
"305",2020-02-09,"자유공화당",1.03863664951472,0.470294116628461,1.60838759272951
"306",2020-02-10,"자유공화당",1.01928158232488,0.470378237941305,1.5646358276188
"307",2020-02-11,"자유공화당",1.00709477090557,0.463827101208076,1.54171525883802
"308",2020-02-12,"자유공화당",1.00071487896371,0.460809081019392,1.52958383636288
"309",2020-02-13,"자유공화당",0.980575441797528,0.448723390115891,1.50425025772037
"310",2020-02-14,"자유공화당",0.967495249012308,0.429785799418092,1.49789678000645
"311",2020-02-15,"자유공화당",0.949829119135738,0.432620304275224,1.45702119263617
"312",2020-02-16,"자유공화당",0.937313425075455,0.42772566976573,1.4501746189422
"313",2020-02-17,"자유공화당",0.92496510096546,0.42948719851909,1.40828470696542
"314",2020-02-18,"자유공화당",0.912326291603182,0.448666047708587,1.38229067995841
"315",2020-02-19,"자유공화당",0.890685190891762,0.421557286414016,1.36153316594753
"316",2020-02-20,"자유공화당",0.868809580239884,0.421092144131354,1.31743073332127
"317",2020-02-21,"자유공화당",0.8512576432405,0.42083216980026,1.29543832901436
"318",2020-02-22,"자유공화당",0.837998243459708,0.421932063606446,1.25156822499724
"319",2020-02-23,"자유공화당",0.803314323486396,0.418726453516091,1.1959275698559
"320",2020-02-24,"자유공화당",0.814473687581939,0.404930477106922,1.22085359641225
"321",2020-02-25,"자유공화당",0.815270195477739,0.415987427851866,1.21708484127707
"322",2020-02-26,"자유공화당",0.828767063898735,0.445165189083372,1.22113676664206
"323",2020-02-27,"자유공화당",0.835088963838304,0.469981896824999,1.21213763292425
"324",2020-02-28,"자유공화당",0.8689948067804,0.482613657220083,1.25230639761301
"325",2020-02-29,"자유공화당",0.90230975601147,0.503886798424951,1.30244835110802
"326",2020-03-01,"자유공화당",0.913184030192172,0.498342397269109,1.31881731943708
"327",2020-03-02,"자유공화당",0.936818100469716,0.522892202507048,1.3608783101652
"328",2020-03-03,"자유공화당",0.961173264095852,0.527426587379173,1.39685877606869
"329",2020-03-04,"자유공화당",0.987557105416017,0.566417023849995,1.41096418662282
"330",2020-03-05,"자유공화당",0.980290696622809,0.555798958830149,1.40908476973842
"331",2020-03-06,"자유공화당",0.986277043581672,0.564872471925419,1.41130146467436
"332",2020-03-07,"자유공화당",0.991324234088296,0.571716606464347,1.39974731093298
"333",2020-03-08,"자유공화당",1.01839827799033,0.579973763258188,1.46297992138763
"334",2020-03-09,"자유공화당",0.993941561908337,0.567513413406001,1.43214757283943
"335",2020-03-10,"자유공화당",0.965053548346462,0.559932162751911,1.37595968720413
"336",2020-03-11,"자유공화당",0.936996989992929,0.559461147442834,1.31865761920377
"337",2020-03-12,"자유공화당",0.911094972037197,0.555634585389475,1.26008582332724
"338",2020-03-13,"자유공화당",0.885294860554032,0.578380827101035,1.19559209652782
"339",2020-03-14,"자유공화당",0.85931379964968,0.599701128347385,1.11484781576289
"340",2020-03-15,"자유공화당",0.827809189312175,0.638492061245757,1.01982073482467
"341",2019-12-29,"자유한국당",31.2934720146784,31.2762847559713,31.3105114903065
"342",2019-12-30,"자유한국당",32.2239608421208,30.3805625836173,34.0804808430239
"343",2019-12-31,"자유한국당",33.1652337154123,30.7973763707,35.5311593009641
"344",2020-01-01,"자유한국당",34.0514231356276,31.3772368237528,36.6716596168097
"345",2020-01-02,"자유한국당",35.0159888778371,32.2944963409449,37.7777263111511
"346",2020-01-03,"자유한국당",35.0910332718708,31.7927583594451,38.357792618676
"347",2020-01-04,"자유한국당",35.2040290247263,31.3686411905414,39.0029125946627
"348",2020-01-05,"자유한국당",35.3334738720276,31.2303227124486,39.4432294770611
"349",2020-01-06,"자유한국당",35.4869282474714,30.9272078225832,40.0514351972983
"350",2020-01-07,"자유한국당",35.4797012023438,30.7679043662806,40.1518974472401
"351",2020-01-08,"자유한국당",35.6239356735368,30.5637649712066,40.599839762376
"352",2020-01-09,"자유한국당",35.6646278505,30.46775600582,40.834022532433
"353",2020-01-10,"자유한국당",35.7011485975578,30.4925861999675,40.9101767229854
"354",2020-01-11,"자유한국당",35.7628217280473,30.2104620227438,41.3501041080887
"355",2020-01-12,"자유한국당",35.910855099752,30.4568847603065,41.3788200105199
"356",2020-01-13,"자유한국당",36.0353495544905,30.5796873368307,41.5141634905067
"357",2020-01-14,"자유한국당",36.0979169653981,30.7635745653896,41.6124100044121
"358",2020-01-15,"자유한국당",36.1647679969131,30.7607960817975,41.6055094671291
"359",2020-01-16,"자유한국당",36.2328220918955,30.5919034615899,41.8403227802513
"360",2020-01-17,"자유한국당",36.2584973479292,30.7997945795475,41.751493385915
"361",2020-01-18,"자유한국당",36.3746331323819,30.8011255452732,41.8830663105282
"362",2020-01-19,"자유한국당",36.3955280808058,31.0537764534054,41.6584287967345
"363",2020-01-20,"자유한국당",36.4938055655995,31.372708287776,41.7245664750608
"364",2020-01-21,"자유한국당",36.4785060710001,31.36161899845,41.572237905841
"365",2020-01-22,"자유한국당",36.6448075587215,31.7954652761572,41.3975115811653
"366",2020-01-23,"자유한국당",38.1467147171205,33.5981317138739,42.668003713308
"367",2020-01-24,"자유한국당",38.4514262225947,33.9716306905632,42.936933124567
"368",2020-01-25,"자유한국당",38.7327986391461,34.5012574875236,42.9622487384659
"369",2020-01-26,"자유한국당",38.9831717476845,34.9369110344782,43.053869232387
"370",2020-01-27,"자유한국당",39.2143795318976,35.5341333995105,42.8604693254997
"371",2020-01-28,"자유한국당",39.4645769547372,36.2092288009038,42.696969453777
"372",2020-01-29,"자유한국당",39.6786951818945,37.0000191105302,42.3665188187415
"373",2020-01-30,"자유한국당",39.9290514481712,37.9283537976856,41.9572130663459
"374",2020-01-31,"자유한국당",40.229190013886,40.2124910123755,40.2455808880366
"375",2020-02-01,"자유한국당",-6.74469532206321,-11.6487330910566,-1.82452010062062
"376",2020-01-01,"민중당",1.30308034695794,1.28758397936423,1.31872385815286
"377",2020-01-02,"민중당",1.32194566588578,1.16529295393562,1.47459609172586
"378",2020-01-03,"민중당",1.34098126549309,1.12861688629722,1.55558711270021
"379",2020-01-04,"민중당",1.35590412305716,1.1042622268024,1.60521077964523
"380",2020-01-05,"민중당",1.37224646811445,1.08497576249425,1.6559165958902
"381",2020-01-06,"민중당",1.38935070320171,1.06947046047253,1.70842494373878
"382",2020-01-07,"민중당",1.40291017058819,1.07171968825222,1.738225182727
"383",2020-01-08,"민중당",1.41247199249811,1.06453396770021,1.76177346068162
"384",2020-01-09,"민중당",1.42947401722864,1.06908072234894,1.78658292317837
"385",2020-01-10,"민중당",1.44180627407487,1.06859813997583,1.81201924400096
"386",2020-01-11,"민중당",1.45853474374344,1.0785012743228,1.83472212145589
"387",2020-01-12,"민중당",1.46809536761004,1.09857904557111,1.84638464511739
"388",2020-01-13,"민중당",1.48720117078399,1.0987256924695,1.877648313918
"389",2020-01-14,"민중당",1.49843364865855,1.10975108293569,1.89789336100517
"390",2020-01-15,"민중당",1.50631448034458,1.12477072062574,1.88607454033081
"391",2020-01-16,"민중당",1.51610705416488,1.1330851035112,1.8966389276043
"392",2020-01-17,"민중당",1.52608553093044,1.15329913483774,1.90275525724287
"393",2020-01-18,"민중당",1.53799616402011,1.16019483556899,1.91622235431362
"394",2020-01-19,"민중당",1.54928706483986,1.18089934831488,1.91729933656736
"395",2020-01-20,"민중당",1.56222207124155,1.20287850193203,1.9103018052056
"396",2020-01-21,"민중당",1.53830949771372,1.21348165839011,1.85964244981118
"397",2020-01-22,"민중당",1.53420637823716,1.18800904532723,1.87852248374044
"398",2020-01-23,"민중당",1.53042154892781,1.16090628442373,1.90902279044668
"399",2020-01-24,"민중당",1.52104345391995,1.1197819456888,1.92227778313571
"400",2020-01-25,"민중당",1.51310590426292,1.10775146589268,1.91832992258382
"401",2020-01-26,"민중당",1.50192222893884,1.08453979205235,1.91000392071093
"402",2020-01-27,"민중당",1.49707553379328,1.06314979187415,1.93319615330129
"403",2020-01-28,"민중당",1.48937850105543,1.04703527048388,1.93380538169009
"404",2020-01-29,"민중당",1.49339255235593,1.03227817779677,1.94786384870294
"405",2020-01-30,"민중당",1.48683049687974,1.01881940036378,1.95050009840904
"406",2020-01-31,"민중당",1.47898254442752,0.998462880020434,1.95229848299578
"407",2020-02-01,"민중당",1.47327661828341,1.00937737972636,1.94372527969313
"408",2020-02-02,"민중당",1.46259542615004,0.981036568134129,1.94296864033268
"409",2020-02-03,"민중당",1.4661611841078,0.973059050881863,1.96712726588459
"410",2020-02-04,"민중당",1.46675327821479,0.965462245604449,1.97132039785409
"411",2020-02-05,"민중당",1.45570034294775,0.941057347657466,1.97076422227631
"412",2020-02-06,"민중당",1.45187588008094,0.936284009531918,1.96707158060969
"413",2020-02-07,"민중당",1.45644364373666,0.941167903784032,1.97454933086055
"414",2020-02-08,"민중당",1.44604232140055,0.93731294530744,1.96486990788338
"415",2020-02-09,"민중당",1.44203041801327,0.928118660454539,1.94510724966749
"416",2020-02-10,"민중당",1.43505699059393,0.923442487437092,1.95344512855782
"417",2020-02-11,"민중당",1.42982215733562,0.933850521090038,1.92422068336334
"418",2020-02-12,"민중당",1.42517166291837,0.925550370447312,1.92445397608081
"419",2020-02-13,"민중당",1.4217230804772,0.943545146226491,1.91356884874314
"420",2020-02-14,"민중당",1.42232978515998,0.953673920600422,1.89191231075858
"421",2020-02-15,"민중당",1.41791295507198,0.961560129220383,1.87576092781539
"422",2020-02-16,"민중당",1.4155142633979,0.982987877409176,1.85301975845296
"423",2020-02-17,"민중당",1.40841021728463,0.994813329720364,1.81250050916206
"424",2020-02-18,"민중당",1.41309484259061,1.02752530318186,1.80685515453384
"425",2020-02-19,"민중당",1.40520431949029,1.03202280365733,1.77581958517903
"426",2020-02-20,"민중당",1.40432782150387,1.06030771366652,1.74468556012732
"427",2020-02-21,"민중당",1.39792706798777,1.08733002308859,1.70489870887448
"428",2020-02-22,"민중당",1.39278812741065,1.06376684449851,1.72437895391276
"429",2020-02-23,"민중당",1.38674529279402,1.04576956326493,1.73628682933242
"430",2020-02-24,"민중당",1.38225884242352,1.04327528676627,1.71429794549714
"431",2020-02-25,"민중당",1.3777044416931,1.03146785206937,1.72102023424289
"432",2020-02-26,"민중당",1.37101651785816,1.0436812235721,1.69398080172921
"433",2020-02-27,"민중당",1.35765775493893,1.06265888282273,1.650333165571
"434",2020-02-28,"민중당",1.39962174771803,1.10891026441115,1.69157446834998
"435",2020-02-29,"민중당",1.42263179778122,1.12303506787744,1.72243386328362
"436",2020-03-01,"민중당",1.44995072553695,1.15205169905076,1.74251456502077
"437",2020-03-02,"민중당",1.47462078678621,1.17552535749285,1.77277299606642
"438",2020-03-03,"민중당",1.46271017558475,1.20385800492697,1.72378629882902
"439",2020-03-04,"민중당",1.45992941892854,1.23517392167004,1.68239101584825
"440",2020-03-05,"민중당",1.45425775757314,1.25823291735082,1.64638014089346
"441",2020-03-06,"민중당",1.4625085615723,1.31230964432704,1.61363691154376
"442",2019-12-29,"바른미래당",6.95391628728983,6.93685400035662,6.97067412432327
"443",2019-12-30,"바른미래당",6.8185144009616,6.08966665324367,7.53767402548853
"444",2019-12-31,"바른미래당",6.68602039272274,5.71362323226369,7.64854906533672
"445",2020-01-01,"바른미래당",6.60464171984961,5.45309476686155,7.75745877691141
"446",2020-01-02,"바른미래당",6.56237085098498,5.36965406379999,7.77291434892874
"447",2020-01-03,"바른미래당",6.32487161661573,4.93417611195351,7.70487121859865
"448",2020-01-04,"바른미래당",6.2981516910737,4.75148080309631,7.84798253826086
"449",2020-01-05,"바른미래당",6.25990649644751,4.55375785923249,7.98773455238157
"450",2020-01-06,"바른미래당",6.21729580600127,4.4027656591962,8.05331996731038
"451",2020-01-07,"바른미래당",6.17967507840793,4.24182855105112,8.1261220774662
"452",2020-01-08,"바른미래당",6.14623674818822,4.18773433012277,8.14163866976862
"453",2020-01-09,"바른미래당",6.12366745021523,4.07980164346729,8.15574577963632
"454",2020-01-10,"바른미래당",6.1086990391742,4.03605885245267,8.21034814719764
"455",2020-01-11,"바른미래당",6.06770254834842,4.02690542298941,8.16022382562052
"456",2020-01-12,"바른미래당",6.04417660111777,3.97549605010932,8.14316618688371
"457",2020-01-13,"바른미래당",6.02470654017627,3.91547228953215,8.13303195523739
"458",2020-01-14,"바른미래당",6.04288017755074,4.03836423286439,8.08615592021807
"459",2020-01-15,"바른미래당",5.99214764078777,3.93202742178654,8.03587203965764
"460",2020-01-16,"바른미래당",5.97176361895992,3.94842695541769,7.95601856006507
"461",2020-01-17,"바른미래당",5.96579184685295,3.98479875321734,7.95386906932062
"462",2020-01-18,"바른미래당",5.96358313499554,4.04798331296967,7.85403681901098
"463",2020-01-19,"바른미래당",5.94544577842454,4.13475785294484,7.77767260045506
"464",2020-01-20,"바른미래당",5.89872936009936,4.17465054547913,7.59085601331715
"465",2020-01-21,"바른미래당",5.89804147949762,4.34201342153077,7.46385761872505
"466",2020-01-22,"바른미래당",5.88368311294219,4.50601330710053,7.28041437841086
"467",2020-01-23,"바른미래당",5.58392327807239,4.23709636418645,6.95161126820449
"468",2020-01-24,"바른미래당",5.53312583878353,4.06724398913914,6.98796702713879
"469",2020-01-25,"바른미래당",5.47872194851103,3.90897319406163,7.02793159483986
"470",2020-01-26,"바른미래당",5.43916474980831,3.88135674032249,7.0260370379508
"471",2020-01-27,"바른미래당",5.40678801512449,3.86036417341266,6.97139834518183
"472",2020-01-28,"바른미래당",5.36773072119376,3.86257416617085,6.87467736445372
"473",2020-01-29,"바른미래당",5.3349631654714,3.92443950819367,6.74000940399017
"474",2020-01-30,"바른미래당",5.30524762707803,3.99737709713514,6.60110218141795
"475",2020-01-31,"바른미래당",5.18145020416525,3.74348218710496,6.62757919069592
"476",2020-02-01,"바른미래당",5.23566922304278,3.6204709865039,6.88529905005394
"477",2020-02-02,"바른미래당",5.28853444370156,3.51458444717313,7.08311809432775
"478",2020-02-03,"바른미래당",5.3135933102106,3.38266133663242,7.2709579276438
"479",2020-02-04,"바른미래당",5.33704098079821,3.37090077836953,7.30828652106965
"480",2020-02-05,"바른미래당",5.37266397472878,3.40711954161698,7.3449062594269
"481",2020-02-06,"바른미래당",5.39317591514324,3.35695571659491,7.43264511724701
"482",2020-02-07,"바른미래당",5.43367143153475,3.33327895828196,7.53056954661762
"483",2020-02-08,"바른미래당",5.48664365561577,3.39231690229304,7.58233942253186
"484",2020-02-09,"바른미래당",5.49631927876426,3.37053692678174,7.58906375873067
"485",2020-02-10,"바른미래당",5.53793132884092,3.41968189167187,7.64376731533167
"486",2020-02-11,"바른미래당",5.57400893318956,3.4577719573752,7.61965878003884
"487",2020-02-12,"바른미래당",5.6132385821505,3.54746417597911,7.66332696602015
"488",2020-02-13,"바른미래당",5.65764995006628,3.62188948021608,7.65055601703371
"489",2020-02-14,"바른미래당",5.64308556931607,3.64039244757691,7.65485951848872
"490",2020-02-15,"바른미래당",5.66009793907365,3.81369082031569,7.53912800629222
"491",2020-02-16,"바른미래당",5.7139670653682,3.94737605930798,7.48062520534695
"492",2020-02-17,"바른미래당",5.73406212889112,4.0849427627576,7.37670527316768
"493",2020-02-18,"바른미래당",5.76869951294611,4.18513817106572,7.36198529395143
"494",2020-02-19,"바른미래당",5.76845987903682,4.3104653156686,7.22727097177007
"495",2020-02-20,"바른미래당",5.61441653820702,4.10628217592261,7.14134669289261
"496",2020-02-21,"바른미래당",5.50802790551877,4.0121641810603,6.99199664713231
"497",2020-02-22,"바른미래당",5.36966580408182,4.00577988862293,6.7375495710055
"498",2020-02-23,"바른미래당",5.23562249016428,3.97239252891462,6.49457726122771
"499",2020-02-24,"바른미래당",5.15718429813256,3.98057920628463,6.33078648582806
"500",2020-02-25,"바른미래당",5.07634767930779,4.05353041840509,6.1034813080139
"501",2020-02-26,"바른미래당",4.9665407870465,4.22113133808835,5.72997316296371
"502",2020-02-27,"바른미래당",4.87033415681687,4.85473078312835,4.88575868704615
"503",2019-12-29,"대안신당",0.278329059406545,0.261965629465116,0.294792256935712
"504",2019-12-30,"대안신당",0.407901358002534,0.0586315116552467,0.758695084580781
"505",2019-12-31,"대안신당",0.527142302565938,0.0254449929774612,1.0166912428361
"506",2020-01-01,"대안신당",0.589236290452809,-0.0298579131850954,1.20615156399855
"507",2020-01-02,"대안신당",0.650459907116668,-0.0362739302877221,1.33293279060817
"508",2020-01-03,"대안신당",0.708590446923628,-0.0189061593400871,1.43306331297073
"509",2020-01-04,"대안신당",0.735247752840791,-0.0677417574227811,1.53300949898009
"510",2020-01-05,"대안신당",0.753407665553642,-0.0844300349606612,1.59824706667998
"511",2020-01-06,"대안신당",0.77601652903504,-0.114275352496628,1.67032777465349
"512",2020-01-07,"대안신당",0.772917672242321,-0.111556491488277,1.67268253423227
"513",2020-01-08,"대안신당",0.803570257248566,-0.100688336476523,1.72195173848216
"514",2020-01-09,"대안신당",0.819196683464946,-0.139952619735106,1.7613730595965
"515",2020-01-10,"대안신당",0.820195945457044,-0.159409163444614,1.79475796552798
"516",2020-01-11,"대안신당",0.815798594124626,-0.160144392273656,1.7918138738056
"517",2020-01-12,"대안신당",0.829443886184323,-0.135832224508304,1.79945760821991
"518",2020-01-13,"대안신당",0.814959029930844,-0.178227533883584,1.78212052591717
"519",2020-01-14,"대안신당",0.825749640295637,-0.149054776606084,1.79539035810336
"520",2020-01-15,"대안신당",0.82272079437114,-0.125678282024955,1.77276833105179
"521",2020-01-16,"대안신당",0.808564073247701,-0.122697990606703,1.75517055552427
"522",2020-01-17,"대안신당",0.797885393823931,-0.104830884173856,1.69453583861784
"523",2020-01-18,"대안신당",0.778379076272413,-0.0916520602500615,1.64214447057741
"524",2020-01-19,"대안신당",0.767008902736147,-0.0974423144083178,1.63515038942296
"525",2020-01-20,"대안신당",0.771812474336175,-0.0107749683648603,1.56530401457542
"526",2020-01-21,"대안신당",0.747787347556774,-0.0165594920829372,1.52907667551527
"527",2020-01-22,"대안신당",0.725414902848772,-0.026955365926102,1.46601716543826
"528",2020-01-23,"대안신당",0.90375819945146,0.0385374632197756,1.77510220939071
"529",2020-01-24,"대안신당",0.859592769431032,0.0339836069144118,1.69411383139781
"530",2020-01-25,"대안신당",0.826008061811479,0.0307334187496765,1.61920847235417
"531",2020-01-26,"대안신당",0.804791066464797,0.0351131443097507,1.57774653055934
"532",2020-01-27,"대안신당",0.779278672663936,0.0420686993001785,1.50464703510907
"533",2020-01-28,"대안신당",0.75712951398608,0.0652951653851005,1.44115757271207
"534",2020-01-29,"대안신당",0.728374041977055,0.123319032984815,1.33583334598226
"535",2020-01-30,"대안신당",0.70507085865969,0.177877702161331,1.23378650093313
"536",2020-01-31,"대안신당",0.722756953861117,0.119396774274629,1.3222574157034
"537",2020-02-01,"대안신당",0.766810164946166,0.0720473674731952,1.47634550942643
"538",2020-02-02,"대안신당",0.800835324080688,0.0396612328761319,1.54938918201908
"539",2020-02-03,"대안신당",0.818606928575776,0.0276585289901644,1.63421273503585
"540",2020-02-04,"대안신당",0.847938833465819,0.0125650843065259,1.68128513584744
"541",2020-02-05,"대안신당",0.86548277144358,0.00186105409060296,1.71474304308423
"542",2020-02-06,"대안신당",0.893470749525052,-0.00375395626031574,1.79377778263346
"543",2020-02-07,"대안신당",0.908788390569059,0.0422795493823688,1.81003877534362
"544",2020-02-08,"대안신당",0.931456220441,0.0211473799142623,1.83454069105188
"545",2020-02-09,"대안신당",0.936142823581335,0.0558084542540641,1.83060510429493
"546",2020-02-10,"대안신당",0.943268592777003,0.0439567282671882,1.8202498796654
"547",2020-02-11,"대안신당",0.940545545949593,0.0441848319809456,1.81812437882771
"548",2020-02-12,"대안신당",0.956221736096439,0.0951602928807951,1.81955117624336
"549",2020-02-13,"대안신당",0.957700984197976,0.113700544571096,1.78097031048179
"550",2020-02-14,"대안신당",0.934123710655944,0.134836302360511,1.7305639408649
"551",2020-02-15,"대안신당",0.934223205031676,0.163243284661414,1.71165639822102
"552",2020-02-16,"대안신당",0.907761051742599,0.192228241339945,1.61819920785173
"553",2020-02-17,"대안신당",0.89972203313482,0.2422680225625,1.54329700158101
"554",2020-02-18,"대안신당",0.891703459950816,0.250964961951335,1.54448845635906
"555",2020-02-19,"대안신당",0.878034543228842,0.277651052753935,1.48550237355636
"556",2020-02-20,"대안신당",0.900333131005844,0.293079768222406,1.52261637324286
"557",2020-02-21,"대안신당",0.938289954086709,0.313207624564268,1.56986865815786
"558",2020-02-22,"대안신당",0.963901930687648,0.326247969771164,1.60000257720391
"559",2020-02-23,"대안신당",0.985059685081893,0.376488031460737,1.59203443318797
"560",2020-02-24,"대안신당",1.01616232298517,0.453847631525175,1.5835545253541
"561",2020-02-25,"대안신당",1.04298952816472,0.577622763177278,1.51027965179213
"562",2020-02-26,"대안신당",1.05551096598233,0.716291458613813,1.39147328679955
"563",2020-02-27,"대안신당",1.07696181433311,1.05993447462124,1.09364983660161
"564",2019-12-29,"민주평화당",0.973730248829631,0.957500483182553,0.989680909029279
"565",2019-12-30,"민주평화당",1.01591774572438,0.802636149233608,1.2263872554123
"566",2019-12-31,"민주평화당",1.05089797100663,0.739928971760152,1.35950119697409
"567",2020-01-01,"민주평화당",1.0514104984517,0.701904201527011,1.39482491141032
"568",2020-01-02,"민주평화당",1.0477588859841,0.688580117636772,1.41076197856579
"569",2020-01-03,"민주평화당",1.0685365573999,0.66214440584815,1.47517453297337
"570",2020-01-04,"민주평화당",1.05978205482154,0.618862294439874,1.51655578194505
"571",2020-01-05,"민주평화당",1.0518888710845,0.579479461654051,1.51799470580957
"572",2020-01-06,"민주평화당",1.04659891565893,0.519379652963595,1.56166240839707
"573",2020-01-07,"민주평화당",1.04370836985041,0.534050181049578,1.55886933547636
"574",2020-01-08,"민주평화당",1.03809201915901,0.496433703159363,1.57708991699569
"575",2020-01-09,"민주평화당",1.02793834615395,0.476066883870705,1.57079436030231
"576",2020-01-10,"민주평화당",1.02670266895952,0.455708059219362,1.59335946188083
"577",2020-01-11,"민주평화당",1.01760962164973,0.452465239382477,1.57801949284056
"578",2020-01-12,"민주평화당",1.01757434351605,0.454774224655965,1.57504429503451
"579",2020-01-13,"민주평화당",1.01349380785241,0.463196363265642,1.56874949767264
"580",2020-01-14,"민주평화당",1.00631725694221,0.455166125449704,1.55173282247815
"581",2020-01-15,"민주평화당",0.993210145225855,0.437172639720427,1.55228897216261
"582",2020-01-16,"민주평화당",0.993730483749972,0.442017004649995,1.54428558557606
"583",2020-01-17,"민주평화당",0.978583942398383,0.424048731686004,1.52519148172415
"584",2020-01-18,"민주평화당",0.974234364910764,0.439743889884254,1.50828888331979
"585",2020-01-19,"민주평화당",0.958892764415853,0.41671859772167,1.50747574012061
"586",2020-01-20,"민주평화당",0.958090397693945,0.412496060011865,1.51700041706905
"587",2020-01-21,"민주평화당",0.936676352878493,0.400101388240661,1.4710569624715
"588",2020-01-22,"민주평화당",0.930152098299674,0.409077854219249,1.45707966191625
"589",2020-01-23,"민주평화당",0.970109672355096,0.42805116709361,1.5094177729914
"590",2020-01-24,"민주평화당",0.954223723517658,0.426809249204012,1.48444652238367
"591",2020-01-25,"민주평화당",0.939985579724223,0.40455562779421,1.47494475593272
"592",2020-01-26,"민주평화당",0.930976119625489,0.416704000197688,1.45096533645785
"593",2020-01-27,"민주평화당",0.923886449377478,0.427398060532393,1.42784193529638
"594",2020-01-28,"민주평화당",0.910058981829295,0.444159255727981,1.37926532320823
"595",2020-01-29,"민주평화당",0.895769077716591,0.461783961037525,1.33019740113602
"596",2020-01-30,"민주평화당",0.872816015936156,0.456688860036447,1.29900892292213
"597",2020-01-31,"민주평화당",0.891100384197276,0.476543471170926,1.30834616826386
"598",2020-02-01,"민주평화당",0.909732396529123,0.461414790050222,1.36605600173628
"599",2020-02-02,"민주평화당",0.907386497688786,0.453868088760184,1.36358037402891
"600",2020-02-03,"민주평화당",0.921265168259412,0.4305018973993,1.40495961318443
"601",2020-02-04,"민주평화당",0.925186235203731,0.427380580778082,1.42521418042571
"602",2020-02-05,"민주평화당",0.920994315284741,0.411376631349719,1.4380448887906
"603",2020-02-06,"민주평화당",0.919767683782391,0.418930840248037,1.42278119777258
"604",2020-02-07,"민주평화당",0.9218390713255,0.430843784012567,1.42198490374765
"605",2020-02-08,"민주평화당",0.930488754062942,0.431489546532913,1.44222678672792
"606",2020-02-09,"민주평화당",0.933252098878023,0.42578350985347,1.43174808746301
"607",2020-02-10,"민주평화당",0.934949323032753,0.415096579170753,1.4423194888185
"608",2020-02-11,"민주평화당",0.941702839836031,0.421627952404957,1.45572166568227
"609",2020-02-12,"민주평화당",0.937414345266413,0.42007806349771,1.47130545577402
"610",2020-02-13,"민주평화당",0.939583097941095,0.419749572454108,1.45704076025281
"611",2020-02-14,"민주평화당",0.939901342430996,0.418451673344192,1.46236801998766
"612",2020-02-15,"민주평화당",0.935809735283928,0.442245698435029,1.44176251012814
"613",2020-02-16,"민주평화당",0.927083467929829,0.444126339370655,1.41663702315996
"614",2020-02-17,"민주평화당",0.931306242690614,0.456982573194465,1.39914478506911
"615",2020-02-18,"민주평화당",0.932468962055532,0.464720537550989,1.40011054530155
"616",2020-02-19,"민주평화당",0.931366134118007,0.494129333827243,1.36344755919275
"617",2020-02-20,"민주평화당",0.95092378572012,0.528736198905785,1.37425701371125
"618",2020-02-21,"민주평화당",0.973072474849886,0.574180774124995,1.36861642082617
"619",2020-02-22,"민주평화당",0.991451643372496,0.621039139311359,1.3586697289868
"620",2020-02-23,"민주평화당",1.01857444190371,0.676553220169379,1.35816581480616
"621",2020-02-24,"민주평화당",1.0385461823654,0.719325390683654,1.35435726312846
"622",2020-02-25,"민주평화당",1.06023901946111,0.78388502146946,1.33687239148392
"623",2020-02-26,"민주평화당",1.07977728002874,0.871683220640722,1.28972235988106
"624",2020-02-27,"민주평화당",1.09340003341099,1.07699031213416,1.10981890925586
"625",2019-12-29,"새로운보수당",3.33791046961831,3.32175535284938,3.35412156329232
"626",2019-12-30,"새로운보수당",3.47810163856487,2.60404763574834,4.33466984903231
"627",2019-12-31,"새로운보수당",3.62642529747801,2.56920715671467,4.70039508648843
"628",2020-01-01,"새로운보수당",3.72821980186451,2.28040725777316,5.14864696305737
"629",2020-01-02,"새로운보수당",3.85405348339742,2.16217411500284,5.5920544673782
"630",2020-01-03,"새로운보수당",3.89729014053132,1.93890255824545,5.81199036525088
"631",2020-01-04,"새로운보수당",4.00899452939136,1.83707075114389,6.18484270651325
"632",2020-01-05,"새로운보수당",4.10574813197349,1.69375754077681,6.54738206761256
"633",2020-01-06,"새로운보수당",4.20657345542944,1.64099159370752,6.73287227588949
"634",2020-01-07,"새로운보수당",4.27512581008945,1.63077309796037,6.91138624706227
"635",2020-01-08,"새로운보수당",4.3620907393656,1.67589227632613,7.08750258679668
"636",2020-01-09,"새로운보수당",4.45518843647334,1.69842392855306,7.24363606000853
"637",2020-01-10,"새로운보수당",4.57984748195826,1.86621685629691,7.31125008410815
"638",2020-01-11,"새로운보수당",4.65353011484628,1.87934718842994,7.42054865311968
"639",2020-01-12,"새로운보수당",4.76197709695501,1.9517305588634,7.54693066518417
"640",2020-01-13,"새로운보수당",4.82984591024611,2.0848733998759,7.5986713892491
"641",2020-01-14,"새로운보수당",4.95382058234118,2.08579861757299,7.73946572384749
"642",2020-01-15,"새로운보수당",5.03337758259632,2.2753435462679,7.83956219801648
"643",2020-01-16,"새로운보수당",5.09788713339993,2.21351506798606,7.97866604777832
"644",2020-01-17,"새로운보수당",5.18012105602263,2.39811346331305,8.00189580164728
"645",2020-01-18,"새로운보수당",5.2882553323498,2.55543855619532,8.09701287063121
"646",2020-01-19,"새로운보수당",5.3669393681421,2.60390659021032,8.11144531715512
"647",2020-01-20,"새로운보수당",5.44832758193843,2.85582115011675,8.02168013694907
"648",2020-01-21,"새로운보수당",5.50824493389105,2.98313452900515,8.05337446998492
"649",2020-01-22,"새로운보수당",5.56942320235762,3.14184290006296,7.97905569383311
"650",2020-01-23,"새로운보수당",5.02999133406804,2.70384101973401,7.33727071924093
"651",2020-01-24,"새로운보수당",5.10789862948545,2.89189629380085,7.31764982253264
"652",2020-01-25,"새로운보수당",5.17304384232013,3.0329597792884,7.30524383965772
"653",2020-01-26,"새로운보수당",5.27646405151758,3.27041141363129,7.30613264357928
"654",2020-01-27,"새로운보수당",5.30427860650717,3.48855775379156,7.13716472005995
"655",2020-01-28,"새로운보수당",5.42732056124786,3.85645872805749,7.06825902656669
"656",2020-01-29,"새로운보수당",5.51627406116573,4.2196276075731,6.80717091842032
"657",2020-01-30,"새로운보수당",5.59285208618578,4.73741106553053,6.4352334512877
"658",2020-01-31,"새로운보수당",5.74687393525149,5.73013365277937,5.76345058213863
"659",2020-02-01,"새로운보수당",-0.35710706655429,-1.47373354463576,0.757619284112962
