조사시작,중간날짜,조사끝,광역,선거구,,새누리당,더불어민주당,국민의당,정의당,무소속1,무소속2,무소속3,새누리당_1,더불어민주당_1,국민의당_1,정의당_1,무소속1_1,무소속2_1,무소속3_1,DK,조사 기관,언론사,조사방법,ARS/전화면접,"응답자수(N, 응답완료사례수)",응답률,가중치,나이
2016-03-26,2016-03-27,2016-03-28,서울,종로구,서울종로구,0.486,0.373,0.036,0.003,0.006,0.000,0.000,0.538,0.413,0.040,0.003,0.007,0.000,0.000,0.096,TNS,SBS,유선RDD,전화면접,503,5,2.44,3
2016-03-20,2016-03-21,2016-03-22,서울,종로구,서울종로구,0.458,0.285,0.039,0.040,0.000,0.000,0.000,0.557,0.347,0.047,0.049,0.000,0.000,0.000,0.178,(주)코리아리서치센터,"KBS,연합뉴스 ",유선RDD,전화면접,504,7.1,2.5,2
2016-03-19,2016-03-20,2016-03-20,서울,종로구,서울종로구,0.433,0.339,0.039,0.014,0.000,0.000,0.000,0.525,0.411,0.047,0.017,0.000,0.000,0.000,0.175,(주)리서치앤리서치,동아일보,유선RDD,전화면접,508,6.6,2.1,3
2016-03-18,2016-03-19,2016-03-20,서울,종로구,서울종로구,0.451,0.326,0.014,0.011,0.005,0.000,0.000,0.559,0.404,0.017,0.014,0.006,0.000,0.000,0.193,중앙일보조사연구팀/엠브레인,중앙일보,유무선혼합RDD,전화면접,500,4.7,1.85,2
2016-03-30,2016-04-01,2016-04-02,서울,종로구,서울종로구,0.415,0.399,0.064,0.032,0.000,0.000,0.000,0.456,0.438,0.070,0.035,0.000,0.000,0.000,0.090,리얼미터,서울경제,유선RDD,전화면접,209,9.6,2.41,2
2016-04-01,2016-04-02,2016-04-03,서울,종로구,서울종로구,0.426,0.349,0.077,0.029,0.000,0.000,0.000,0.484,0.396,0.087,0.033,0.000,0.000,0.000,0.119,조원씨앤아이,"국민일보,CBS",유선/스마트폰앱혼합,전화면접,508,10.1,1.95,3
2016-04-01,2016-04-02,2016-04-02,서울,종로구,서울종로구,0.449,0.356,0.046,0.012,0.000,0.000,0.000,0.520,0.413,0.053,0.014,0.000,0.000,0.000,0.137,㈜리서치앤리서치,MBC,유선RDD,전화면접,600,16.8,1.05,2
2016-04-05,2016-04-06,2016-04-06,서울,종로구,서울종로구,0.422,0.448,0.045,0.004,0.004,0.007,0.000,0.454,0.482,0.048,0.004,0.004,0.008,0.000,0.070,마크로밀엠브레인,YTN,유무선혼합RDD,전화면접,509,15,1.56,2
2016-04-02,2016-04-04,2016-04-05,서울,종로구,서울종로구,0.454,0.356,0.061,0.020,0.005,0.000,0.000,0.507,0.397,0.068,0.022,0.006,0.000,0.000,0.104,TNSKOREA,SBS,유선RDD,전화면접,522,7.3,1.4,2
2016-04-02,2016-04-03,2016-04-04,서울,중구성동구갑,서울중구성동구갑,0.362,0.362,0.057,0.032,0.000,0.000,0.000,0.445,0.445,0.070,0.039,0.000,0.000,0.000,0.187,마크로밀엠브레인,YTN,유무선혼합RDD,ARS,500,1.8,1.58,4
2016-03-25,2016-03-25,2016-03-25,서울,중구성동구을,서울중구성동구을,0.421,0.192,0.184,0.000,0.000,0.000,0.000,0.528,0.241,0.231,0.000,0.000,0.000,0.000,0.203,마크로밀엠브레인,중앙일보,유무선혼합RDD,전화면접,500,8.5,2.41,2
2016-03-23,2016-03-24,2016-03-25,서울,중구성동구을,서울중구성동구을,0.428,0.131,0.169,0.000,0.000,0.000,0.000,0.588,0.180,0.232,0.000,0.000,0.000,0.000,0.272,리얼미터,MBN,유선RDD,전화면접,500,8.5,2.29,2
2016-03-22,2016-03-23,2016-03-23,서울,중구성동구을,서울중구성동구을,0.439,0.138,0.173,0.000,0.000,0.000,0.000,0.585,0.184,0.231,0.000,0.000,0.000,0.000,0.250,(주)밀워드브라운미디어리서치,조선일보,유선RDD,전화면접,505,18.4,1.46,3
2016-04-05,2016-04-06,2016-04-06,서울,중구성동구을,서울중구성동구을,0.370,0.205,0.304,0.000,0.000,0.000,0.000,0.421,0.233,0.346,0.000,0.000,0.000,0.000,0.121,마크로밀엠브레인,YTN,유무선혼합RDD,전화면접,600,12.1,1.41,2
2016-03-26,2016-03-26,2016-03-26,서울,용산구,서울용산구,0.309,0.347,0.053,0.026,0.000,0.000,0.000,0.420,0.472,0.072,0.035,0.000,0.000,0.000,0.265,밀워드브라운미디어리서치,조선일보,유선RDD,전화면접,510,8.4,1.4,3
2016-03-31,2016-04-02,2016-04-03,서울,용산구,서울용산구,0.328,0.427,0.031,0.014,0.000,0.000,0.000,0.410,0.534,0.039,0.018,0.000,0.000,0.000,0.200,리얼미터,MBN,유선RDD,전화면접,510,12.1,1.7,3
2016-03-30,2016-04-01,2016-04-02,서울,용산구,서울용산구,0.361,0.322,0.108,0.036,0.000,0.000,0.000,0.437,0.389,0.131,0.044,0.000,0.000,0.000,0.173,리얼미터,서울경제,유선RDD,전화면접,515,13.6,2.39,2
2016-04-01,2016-04-02,2016-04-02,서울,용산구,서울용산구,0.400,0.308,0.102,0.023,0.000,0.000,0.000,0.480,0.370,0.122,0.028,0.000,0.000,0.000,0.167,포커스컴퍼니,문화일보,유선RDD,전화면접,600,20.6,1.08,2
2016-04-01,2016-04-02,2016-04-02,서울,용산구,서울용산구,0.352,0.319,0.093,0.022,0.000,0.000,0.000,0.448,0.406,0.118,0.028,0.000,0.000,0.000,0.214,코리아리서치센터,"KBS,연합뉴스",유선RDD,전화면접,511,9,1.1,2
2016-04-01,2016-04-02,2016-04-02,서울,용산구,서울용산구,0.347,0.331,0.099,0.039,0.000,0.000,0.000,0.425,0.406,0.121,0.048,0.000,0.000,0.000,0.184,리얼미터,"CBS,국민일보",유선/스마트폰앱혼합,전화면접,535,10.1,1.2,2
2016-04-03,2016-04-04,2016-04-05,서울,용산구,서울용산구,0.322,0.371,0.076,0.033,0.000,0.000,0.000,0.401,0.463,0.095,0.041,0.000,0.000,0.000,0.198,마크로밀엠브레인,YTN,유무선혼합RDD,전화면접,282,3.5,2.2,3
2016-04-01,2016-04-02,2016-04-02,서울,용산구,서울용산구,0.362,0.325,0.075,0.026,0.000,0.000,0.000,0.459,0.412,0.095,0.033,0.000,0.000,0.000,0.212,㈜리서치앤리서치,MBC,유선RDD,전화면접,500,9.4,2,3
2016-04-01,2016-04-02,2016-04-02,서울,용산구,서울용산구,0.362,0.325,0.075,0.026,0.000,0.000,0.000,0.459,0.412,0.095,0.033,0.000,0.000,0.000,0.212,㈜리서치앤리서치,MBC,유선RDD,전화면접,500,5.9,1.6,2
2016-03-27,2016-03-28,2016-03-28,서울,용산구,서울용산구,0.319,0.321,0.068,0.030,0.000,0.000,0.000,0.432,0.435,0.092,0.041,0.000,0.000,0.000,0.262,마크로밀엠브레인,중앙일보,유무선혼합RDD,전화면접,500,21.5,1.47,3
2016-04-04,2016-04-05,2016-04-05,서울,용산구,서울용산구,0.384,0.290,0.122,0.014,0.000,0.000,0.000,0.474,0.358,0.151,0.017,0.000,0.000,0.000,0.190,리서치앤리서치,동아일보,유선RDD,전화면접,504,7.8,2.44,3
2016-04-02,2016-04-04,2016-04-05,서울,용산구,서울용산구,0.389,0.347,0.113,0.029,0.000,0.000,0.000,0.443,0.395,0.129,0.033,0.000,0.000,0.000,0.122,TNSKOREA,SBS,유선RDD,전화면접,514,9,2.43,2
2016-03-29,2016-03-29,2016-03-29,서울,광진구을,서울광진구을,0.335,0.337,0.086,0.000,0.000,0.000,0.000,0.442,0.445,0.113,0.000,0.000,0.000,0.000,0.242,밀워드브라운미디어리서치,조선일보,유선RDD,전화면접,500,5.7,1.51,2
2016-03-21,2016-03-22,2016-03-22,서울,광진구을,서울광진구을,0.350,0.327,0.108,0.000,0.000,0.000,0.000,0.446,0.417,0.138,0.000,0.000,0.000,0.000,0.215,리얼미터,시민일보,유선/스마트폰앱혼합,전화면접,500,13.4,2.07,2
2016-04-01,2016-04-02,2016-04-03,서울,광진구을,서울광진구을,0.321,0.450,0.097,0.000,0.000,0.000,0.000,0.370,0.518,0.112,0.000,0.000,0.000,0.000,0.132,마크로밀엠브레인,YTN,유무선혼합RDD,ARS,511,5.1,2.06,3
2016-04-04,2016-04-05,2016-04-05,서울,동대문구을,서울동대문구을,0.302,0.484,0.000,0.000,0.000,0.000,0.000,0.384,0.616,0.000,0.000,0.000,0.000,0.000,0.214,마크로밀엠브레인,민병두,유무선혼합RDD,전화면접,529,8.2,1.1,3
2016-04-03,2016-04-04,2016-04-04,서울,중랑구을,서울중랑구을,0.347,0.317,0.083,0.000,0.028,0.021,0.000,0.436,0.398,0.104,0.000,0.035,0.026,0.000,0.204,마크로밀엠브레인,YTN,유무선혼합RDD,ARS,800,4.9,1.6,4
2016-04-01,2016-04-02,2016-04-03,서울,성북구갑,서울성북구갑,0.417,0.321,0.140,0.000,0.000,0.000,0.000,0.475,0.366,0.159,0.000,0.000,0.000,0.000,0.122,리얼미터,정태근후보  ,유선/스마트폰앱혼합,전화면접,504,10.9,1.51,3
2016-04-05,2016-04-06,2016-04-06,서울,성북구갑,서울성북구갑,0.357,0.346,0.109,0.000,0.000,0.000,0.000,0.440,0.426,0.134,0.000,0.000,0.000,0.000,0.188,마크로밀엠브레인,YTN,유무선혼합RDD,전화면접,503,18.3,1.23,4
2016-03-22,2016-03-23,2016-03-23,서울,성북구을,서울성북구을,0.320,0.235,0.080,0.039,0.000,0.000,0.000,0.475,0.349,0.119,0.058,0.000,0.000,0.000,0.326,(주)밀워드브라운미디어리서치,조선일보,유선RDD,전화면접,505,17.2,1.34,3
2016-04-01,2016-04-02,2016-04-03,서울,성북구을,서울성북구을,0.417,0.249,0.187,0.025,0.000,0.000,0.000,0.475,0.284,0.213,0.028,0.000,0.000,0.000,0.122,조원씨앤아이,김인원,유선RDD,ARS,1005,3,2.13,3
2016-03-31,2016-04-01,2016-04-01,서울,강북구갑,서울강북구갑,0.358,0.246,0.173,0.000,0.000,0.000,0.000,0.461,0.317,0.223,0.000,0.000,0.000,0.000,0.223,마크로밀엠브레인,YTN,유무선혼합RDD,전화면접,501,17.7,1.37,3
2016-04-02,2016-04-03,2016-04-03,서울,강북구을,서울강북구을,0.280,0.452,0.095,0.000,0.000,0.000,0.000,0.339,0.547,0.115,0.000,0.000,0.000,0.000,0.173,마크로밀엠브레인,YTN,유무선혼합RDD,전화면접,511,9.9,2.16,2
2016-03-25,2016-03-26,2016-03-26,서울,도봉구을,서울도봉구을,0.384,0.212,0.097,0.000,0.000,0.000,0.000,0.554,0.306,0.140,0.000,0.000,0.000,0.000,0.307,중앙일보조사연구팀/엠브레인,중앙일보,유무선혼합RDD,전화면접,513,9.1,1.3,2
2016-03-20,2016-03-21,2016-03-21,서울,도봉구을,서울도봉구을,0.429,0.224,0.119,0.000,0.000,0.000,0.000,0.556,0.290,0.154,0.000,0.000,0.000,0.000,0.228,(주)코리아리서치센터,"KBS,연합뉴스 ",유선RDD,ARS,502,1.7,2.4,2
2016-03-26,2016-03-27,2016-03-28,서울,노원구병,서울노원구병,0.334,0.130,0.387,0.041,0.000,0.000,0.000,0.374,0.146,0.434,0.046,0.000,0.000,0.000,0.108,TNS,SBS,유선RDD,전화면접,510,16.1,1.41,4
2016-03-24,2016-03-24,2016-03-24,서울,노원구병,서울노원구병,0.320,0.114,0.353,0.052,0.000,0.000,0.000,0.381,0.136,0.421,0.062,0.000,0.000,0.000,0.161,마크로밀엠브레인,중앙일보,유무선혼합RDD,전화면접,531,17,1.22,3
2016-03-20,2016-03-21,2016-03-21,서울,노원구병,서울노원구병,0.341,0.139,0.349,0.046,0.000,0.000,0.000,0.390,0.159,0.399,0.053,0.000,0.000,0.000,0.125,(주)코리아리서치센터,"KBS,연합뉴스 ",유선RDD,전화면접,600,16.4,1.09,3
2016-03-23,2016-03-24,2016-03-25,서울,노원구병,서울노원구병,0.295,0.145,0.320,0.035,0.000,0.000,0.000,0.371,0.182,0.403,0.044,0.000,0.000,0.000,0.205,리얼미터,MBN,유선RDD,전화면접,500,8.5,2.38,3
2016-03-30,2016-04-01,2016-04-02,서울,노원구병,서울노원구병,0.311,0.136,0.428,0.027,0.000,0.000,0.000,0.345,0.151,0.475,0.030,0.000,0.000,0.000,0.098,리얼미터,서울경제,유선RDD,ARS,653,1.8,1.02,4
2016-04-01,2016-04-02,2016-04-02,서울,노원구병,서울노원구병,0.333,0.123,0.436,0.016,0.000,0.000,0.000,0.367,0.135,0.480,0.018,0.000,0.000,0.000,0.092,포커스컴퍼니,문화일보,유선RDD,전화면접,600,16.4,1.41,3
2016-04-01,2016-04-02,2016-04-03,서울,노원구병,서울노원구병,0.337,0.152,0.339,0.045,0.000,0.000,0.000,0.386,0.174,0.388,0.052,0.000,0.000,0.000,0.127,조원씨앤아이,"국민일보,CBS",유선/스마트폰앱혼합,전화면접,509,9.7,1.7,3
2016-04-01,2016-04-02,2016-04-02,서울,노원구병,서울노원구병,0.300,0.139,0.393,0.018,0.000,0.000,0.000,0.353,0.164,0.462,0.021,0.000,0.000,0.000,0.150,㈜리서치앤리서치,MBC,유선RDD,전화면접/ARS,508,5.6,2.35,3
2016-04-05,2016-04-06,2016-04-06,서울,노원구병,서울노원구병,0.302,0.133,0.430,0.028,0.000,0.000,0.000,0.338,0.149,0.482,0.031,0.000,0.000,0.000,0.107,마크로밀엠브레인,YTN,유무선혼합RDD,전화면접,500,8.8,2,3
2016-04-04,2016-04-05,2016-04-05,서울,노원구병,서울노원구병,0.305,0.137,0.406,0.025,0.000,0.000,0.000,0.349,0.157,0.465,0.029,0.000,0.000,0.000,0.127,리서치앤리서치,동아일보,유선RDD,전화면접,504,16.8,1.31,3
2016-04-02,2016-04-04,2016-04-05,서울,노원구병,서울노원구병,0.300,0.104,0.457,0.032,0.000,0.000,0.000,0.336,0.116,0.512,0.036,0.000,0.000,0.000,0.107,TNSKOREA,SBS,유선RDD,전화면접,502,5.2,2.41,3
2016-03-26,2016-03-27,2016-03-28,서울,은평구을,서울은평구을,0.000,0.197,0.160,0.063,0.344,0.017,0.000,0.000,0.252,0.205,0.081,0.440,0.022,0.000,0.219,TNS,SBS,유선RDD,전화면접,504,5.8,2.34,2
2016-03-31,2016-04-02,2016-04-03,서울,은평구을,서울은평구을,0.000,0.173,0.191,0.062,0.308,0.042,0.000,0.000,0.223,0.246,0.080,0.397,0.054,0.000,0.224,리얼미터,MBN,유선RDD,전화면접,514,12.3,2.41,4
2016-04-01,2016-04-02,2016-04-02,서울,은평구을,서울은평구을,0.000,0.192,0.207,0.071,0.306,0.024,0.000,0.000,0.240,0.259,0.089,0.383,0.030,0.000,0.200,포커스컴퍼니,문화일보,유선RDD,전화면접,500,7.9,1.74,3
2016-04-01,2016-04-02,2016-04-02,서울,은평구을,서울은평구을,0.000,0.160,0.196,0.054,0.331,0.028,0.000,0.000,0.208,0.255,0.070,0.430,0.036,0.000,0.231,코리아리서치센터,"KBS,연합뉴스",유선RDD,전화면접,500,10.1,2.19,3
2016-04-04,2016-04-05,2016-04-05,서울,은평구을,서울은평구을,0.000,0.273,0.249,0.098,0.222,0.000,0.000,0.000,0.324,0.296,0.116,0.264,0.000,0.000,0.158,조원씨앤아이,국민의당,유선/스마트폰앱혼합,전화면접,500,10.6,2.35,3
2016-03-31,2016-04-01,2016-04-01,서울,서대문구갑,서울서대문구갑,0.383,0.418,0.000,0.000,0.000,0.000,0.000,0.478,0.522,0.000,0.000,0.000,0.000,0.000,0.199,마크로밀엠브레인,YTN,유무선혼합RDD,전화면접,500,8.9,1.96,3
2016-03-21,2016-03-22,2016-03-23,서울,서대문구갑,서울서대문구갑,0.392,0.337,0.000,0.000,0.000,0.000,0.000,0.538,0.462,0.000,0.000,0.000,0.000,0.000,0.271,(주)코리아리서치센터,"KBS,연합뉴스 ",유선RDD,ARS,501,3.4,1.8,2
2016-04-01,2016-04-02,2016-04-02,서울,서대문구갑,서울서대문구갑,0.399,0.364,0.000,0.000,0.000,0.000,0.000,0.523,0.477,0.000,0.000,0.000,0.000,0.000,0.237,포커스컴퍼니,문화일보,유선RDD,ARS,1109,1,2.46,2
2016-03-29,2016-03-30,2016-03-31,서울,서대문구을,서울서대문구을,0.418,0.319,0.084,0.000,0.000,0.000,0.000,0.509,0.389,0.102,0.000,0.000,0.000,0.000,0.179,마크로밀엠브레인,YTN,유무선혼합RDD,전화면접,503,5.2,2.5,3
2016-03-26,2016-03-27,2016-03-28,서울,서대문구을,서울서대문구을,0.389,0.330,0.074,0.000,0.000,0.000,0.000,0.491,0.416,0.093,0.000,0.000,0.000,0.000,0.207,코리아리서치센터,한국일보,유선RDD,전화면접,508,8.7,2.27,3
2016-03-26,2016-03-27,2016-03-27,서울,서대문구을,서울서대문구을,0.365,0.335,0.046,0.000,0.000,0.000,0.000,0.489,0.449,0.062,0.000,0.000,0.000,0.000,0.254,윈지코리아컨설팅,김영호후보,유선RDD,전화면접,511,12.9,2.27,3
2016-03-26,2016-03-26,2016-03-26,서울,서대문구을,서울서대문구을,0.339,0.243,0.051,0.000,0.000,0.000,0.000,0.536,0.384,0.081,0.000,0.000,0.000,0.000,0.367,리얼미터,MBN,유선RDD,전화면접,500,11,2.27,3
2016-03-24,2016-03-24,2016-03-24,서울,마포구갑,서울마포구갑,0.275,0.419,0.044,0.000,0.105,0.000,0.000,0.326,0.497,0.052,0.000,0.125,0.000,0.000,0.157,마크로밀엠브레인,중앙일보,유무선혼합RDD,전화면접,500,7.5,2.33,3
2016-03-24,2016-03-25,2016-03-25,서울,마포구갑,서울마포구갑,0.281,0.357,0.030,0.000,0.103,0.000,0.000,0.364,0.463,0.039,0.000,0.134,0.000,0.000,0.229,리서치앤리서치,동아일보,유선RDD,전화면접,503,17.4,1.35,3
2016-03-21,2016-03-22,2016-03-22,서울,마포구갑,서울마포구갑,0.299,0.403,0.038,0.000,0.146,0.000,0.000,0.337,0.455,0.043,0.000,0.165,0.000,0.000,0.114,(주)코리아리서치센터,"KBS,연합뉴스 ",유선RDD,전화면접,500,6.1,2.24,3
2016-03-22,2016-03-23,2016-03-24,서울,마포구갑,서울마포구갑,0.277,0.324,0.044,0.000,0.137,0.000,0.000,0.354,0.414,0.056,0.000,0.175,0.000,0.000,0.218,리얼미터,MBN,유선RDD,전화면접,500,9,2.44,3
2016-04-03,2016-04-04,2016-04-05,서울,마포구갑,서울마포구갑,0.270,0.474,0.062,0.000,0.068,0.000,0.000,0.309,0.542,0.071,0.000,0.078,0.000,0.000,0.126,마크로밀엠브레인,YTN,유무선혼합RDD,전화면접,503,11,1.7,3
2016-04-01,2016-04-02,2016-04-03,서울,마포구갑,서울마포구갑,0.313,0.371,0.067,0.000,0.116,0.000,0.000,0.361,0.428,0.077,0.000,0.134,0.000,0.000,0.133,조원씨앤아이,"국민일보,CBS",유선/스마트폰앱혼합,전화면접,511,15.9,1.24,3
2016-04-01,2016-04-02,2016-04-02,서울,마포구을,서울마포구을,0.299,0.229,0.103,0.039,0.068,0.000,0.000,0.405,0.310,0.140,0.053,0.092,0.000,0.000,0.262,밀워드브라운미디어리서치,조선일보,유선RDD,전화면접,508,11.9,2.34,3
2016-03-31,2016-04-01,2016-04-02,서울,마포구을,서울마포구을,0.357,0.262,0.109,0.042,0.110,0.000,0.000,0.406,0.298,0.124,0.048,0.125,0.000,0.000,0.120,리얼미터,서울경제,유선RDD,전화면접,600,12.2,1.53,3
2016-04-05,2016-04-06,2016-04-06,서울,마포구을,서울마포구을,0.324,0.300,0.099,0.043,0.055,0.000,0.000,0.395,0.365,0.121,0.052,0.067,0.000,0.000,0.179,마크로밀엠브레인,YTN,유무선혼합RDD,전화면접/ARS,514,4.5,2.06,3
2016-04-02,2016-04-03,2016-04-03,서울,마포구을,서울마포구을,0.307,0.299,0.087,0.051,0.039,0.000,0.000,0.392,0.382,0.111,0.065,0.050,0.000,0.000,0.217,마크로밀엠브레인,중앙일보,유무선혼합RDD,전화면접,502,6.5,2.21,3
2016-03-31,2016-04-01,2016-04-01,서울,양천구갑,서울양천구갑,0.354,0.319,0.000,0.000,0.054,0.000,0.000,0.487,0.439,0.000,0.000,0.074,0.000,0.000,0.273,마크로밀엠브레인,YTN,유무선혼합RDD,ARS,500,1.8,1.49,3
2016-03-26,2016-03-26,2016-03-26,서울,강서구갑,서울강서구갑,0.285,0.247,0.066,0.000,0.089,0.000,0.000,0.415,0.360,0.096,0.000,0.130,0.000,0.000,0.313,밀워드브라운미디어리서치,조선일보,유선RDD,전화면접,501,12.3,1.44,3
2016-04-01,2016-04-02,2016-04-02,서울,강서구갑,서울강서구갑,0.367,0.265,0.089,0.000,0.066,0.000,0.000,0.466,0.337,0.113,0.000,0.084,0.000,0.000,0.213,포커스컴퍼니,문화일보,유선RDD,전화면접,510,8,2.35,3
2016-04-01,2016-04-02,2016-04-03,서울,강서구갑,서울강서구갑,0.318,0.269,0.116,0.000,0.082,0.000,0.000,0.405,0.343,0.148,0.000,0.104,0.000,0.000,0.215,마크로밀엠브레인,YTN,유무선혼합RDD,전화면접,500,7.7,2.29,2
2016-03-30,2016-04-01,2016-04-02,서울,강서구갑,서울강서구갑,0.365,0.188,0.117,0.000,0.063,0.000,0.000,0.498,0.256,0.160,0.000,0.086,0.000,0.000,0.267,리얼미터,서울경제,유선RDD,전화면접,600,17.1,1.55,2
2016-04-03,2016-04-04,2016-04-04,서울,강서구갑,서울강서구갑,0.323,0.290,0.105,0.000,0.084,0.000,0.000,0.403,0.362,0.131,0.000,0.105,0.000,0.000,0.198,㈜한국리서치,한겨레신문,유선RDD,전화면접,518,12.7,1.5,3
2016-04-04,2016-04-05,2016-04-05,서울,강서구갑,서울강서구갑,0.311,0.270,0.086,0.000,0.092,0.000,0.000,0.410,0.356,0.113,0.000,0.121,0.000,0.000,0.241,마크로밀엠브레인,중앙일보,유무선혼합RDD,전화면접/ARS,515,4.2,2.48,3
2016-04-02,2016-04-02,2016-04-02,서울,강서구을,서울강서구을,0.439,0.288,0.099,0.000,0.014,0.000,0.000,0.523,0.343,0.118,0.000,0.017,0.000,0.000,0.160,마크로밀엠브레인,중앙일보,유무선혼합RDD,전화면접,502,20.2,1.49,3
2016-04-03,2016-04-04,2016-04-04,서울,강서구을,서울강서구을,0.455,0.303,0.079,0.000,0.022,0.000,0.000,0.530,0.353,0.092,0.000,0.026,0.000,0.000,0.141,마크로밀엠브레인,YTN,유무선혼합RDD,전화면접,507,12.5,1.27,4
2016-03-25,2016-03-25,2016-03-25,서울,구로구갑,서울구로구갑,0.347,0.359,0.051,0.044,0.000,0.000,0.000,0.433,0.448,0.064,0.055,0.000,0.000,0.000,0.199,코리아리서치센터,한국일보,유선RDD,전화면접,510,8.2,1.4,2
2016-04-03,2016-04-04,2016-04-05,서울,구로구갑,서울구로구갑,0.327,0.455,0.059,0.021,0.000,0.000,0.000,0.379,0.528,0.068,0.024,0.000,0.000,0.000,0.138,마크로밀엠브레인,YTN,유무선혼합RDD,전화면접,500,6.5,2.02,3
2016-04-03,2016-04-04,2016-04-04,서울,구로구갑,서울구로구갑,0.297,0.466,0.066,0.032,0.000,0.000,0.000,0.345,0.541,0.077,0.037,0.000,0.000,0.000,0.139,㈜한국리서치,한겨레신문,유선RDD,전화면접,600,14.6,1.58,3
2016-04-05,2016-04-06,2016-04-06,서울,구로구갑,서울구로구갑,0.321,0.371,0.082,0.033,0.000,0.000,0.000,0.398,0.460,0.102,0.041,0.000,0.000,0.000,0.193,메트릭스코퍼레이션,시민일보,유선RDD,전화면접,515,8.7,1.1,3
2016-03-29,2016-03-29,2016-03-29,서울,구로구을,서울구로구을,0.280,0.355,0.098,0.000,0.000,0.000,0.000,0.382,0.484,0.134,0.000,0.000,0.000,0.000,0.267,밀워드브라운미디어리서치,조선일보,유선RDD,전화면접,507,3.5,2.49,3
2016-03-31,2016-04-01,2016-04-01,서울,구로구을,서울구로구을,0.295,0.421,0.063,0.000,0.000,0.000,0.000,0.379,0.540,0.081,0.000,0.000,0.000,0.000,0.221,마크로밀엠브레인,YTN,유무선혼합RDD,전화면접,500,6.2,2.11,3
2016-03-31,2016-04-01,2016-04-01,서울,구로구을,서울구로구을,0.295,0.421,0.063,0.000,0.000,0.000,0.000,0.379,0.540,0.081,0.000,0.000,0.000,0.000,0.221,마크로밀엠브레인,YTN,유무선혼합RDD,전화면접,504,13,1.38,3
2016-03-31,2016-04-01,2016-04-01,서울,구로구을,서울구로구을,0.317,0.365,0.071,0.000,0.000,0.000,0.000,0.421,0.485,0.094,0.000,0.000,0.000,0.000,0.247,㈜리서치앤리서치,동아일보,유선RDD,전화면접,600,18.9,1.68,3
2016-03-21,2016-03-22,2016-03-23,서울,영등포구갑,서울영등포구갑,0.386,0.323,0.066,0.008,0.000,0.000,0.000,0.493,0.413,0.084,0.010,0.000,0.000,0.000,0.217,(주)코리아리서치센터,"KBS,연합뉴스 ",유선RDD,전화면접,505,14.3,1.51,3
2016-03-20,2016-03-20,2016-03-20,서울,영등포구갑,서울영등포구갑,0.309,0.245,0.054,0.030,0.000,0.000,0.000,0.484,0.384,0.085,0.047,0.000,0.000,0.000,0.362,(주)리서치플러스,박선규예비후보,유선RDD,전화면접,500,5.8,2.24,3
2016-04-03,2016-04-04,2016-04-05,서울,영등포구갑,서울영등포구갑,0.365,0.332,0.060,0.047,0.000,0.000,0.000,0.454,0.413,0.075,0.058,0.000,0.000,0.000,0.196,마크로밀엠브레인,YTN,유무선혼합RDD,전화면접,500,9.2,2.17,3
2016-03-19,2016-03-20,2016-03-20,서울,영등포구을,서울영등포구을,0.351,0.252,0.115,0.000,0.000,0.000,0.000,0.489,0.351,0.160,0.000,0.000,0.000,0.000,0.282,한국리서치,한겨레,유선RDD,전화면접,500,9.6,1.96,3
2016-03-21,2016-03-22,2016-03-23,서울,영등포구을,서울영등포구을,0.384,0.282,0.129,0.000,0.028,0.000,0.000,0.467,0.343,0.157,0.000,0.034,0.000,0.000,0.177,(주)코리아리서치센터,"KBS,연합뉴스 ",유선RDD,ARS,800,4.9,2.04,3
2016-04-05,2016-04-06,2016-04-06,서울,영등포구을,서울영등포구을,0.332,0.364,0.157,0.000,0.023,0.000,0.000,0.379,0.416,0.179,0.000,0.026,0.000,0.000,0.124,마크로밀엠브레인,YTN,유무선혼합RDD,전화면접,500,27.2,1.47,3
2016-04-01,2016-04-02,2016-04-03,서울,동작구갑,서울동작구갑,0.303,0.255,0.153,0.000,0.000,0.000,0.000,0.426,0.359,0.215,0.000,0.000,0.000,0.000,0.289,마크로밀엠브레인,YTN,유무선혼합RDD,전화면접,516,7.9,1.2,3
2016-03-25,2016-03-26,2016-03-26,서울,동작구을,서울동작구을,0.511,0.189,0.077,0.058,0.000,0.000,0.000,0.612,0.226,0.092,0.069,0.000,0.000,0.000,0.165,코리아리서치센터,한국일보,유선RDD,전화면접,500,5.7,2,3
2016-03-23,2016-03-24,2016-03-24,서울,동작구을,서울동작구을,0.478,0.194,0.069,0.042,0.000,0.000,0.000,0.610,0.248,0.088,0.054,0.000,0.000,0.000,0.217,중앙일보조사연구팀/엠브레인,중앙일보,유무선혼합RDD,전화면접,505,14.4,1.44,4
2016-03-26,2016-03-26,2016-03-26,서울,동작구을,서울동작구을,0.462,0.127,0.064,0.062,0.000,0.000,0.000,0.646,0.178,0.090,0.087,0.000,0.000,0.000,0.285,리얼미터,MBN,유선RDD,전화면접,502,12.2,1.56,3
2016-03-25,2016-03-25,2016-03-25,서울,관악구갑,서울관악구갑,0.183,0.312,0.214,0.041,0.000,0.000,0.000,0.244,0.416,0.285,0.055,0.000,0.000,0.000,0.250,마크로밀엠브레인,중앙일보,유무선혼합RDD,전화면접,500,9.4,2.34,3
2016-04-04,2016-04-05,2016-04-05,서울,관악구갑,서울관악구갑,0.206,0.371,0.282,0.062,0.000,0.000,0.000,0.224,0.403,0.306,0.067,0.000,0.000,0.000,0.079,조원씨앤아이,국민의당,유선/스마트폰앱혼합,전화면접,511,7.7,1.4,2
2016-04-02,2016-04-03,2016-04-04,서울,관악구을,서울관악구을,0.359,0.292,0.193,0.000,0.000,0.000,0.000,0.425,0.346,0.229,0.000,0.000,0.000,0.000,0.156,마크로밀엠브레인,YTN,유무선혼합RDD,전화면접,507,16.8,1.26,3
2016-03-25,2016-03-26,2016-03-26,서울,강남구을,서울강남구을,0.419,0.258,0.000,0.000,0.056,0.000,0.000,0.572,0.352,0.000,0.000,0.076,0.000,0.000,0.267,코리아리서치센터,한국일보,유선RDD,전화면접,500,11.1,2.39,3
2016-03-23,2016-03-23,2016-03-23,서울,강남구을,서울강남구을,0.442,0.277,0.000,0.000,0.046,0.000,0.000,0.578,0.362,0.000,0.000,0.060,0.000,0.000,0.235,마크로밀엠브레인,중앙일보,유무선혼합RDD,전화면접,506,12,1.45,3
2016-03-31,2016-04-02,2016-04-03,서울,강남구을,서울강남구을,0.452,0.301,0.000,0.000,0.044,0.000,0.000,0.567,0.378,0.000,0.000,0.055,0.000,0.000,0.203,리얼미터,MBN,유선RDD,전화면접,500,7.8,2.14,3
2016-03-31,2016-04-01,2016-04-01,서울,송파구을,서울송파구을,0.000,0.353,0.107,0.000,0.292,0.011,0.000,0.000,0.463,0.140,0.000,0.383,0.014,0.000,0.237,마크로밀엠브레인,YTN,유무선혼합RDD,전화면접,600,15.8,1.2,3
2016-04-01,2016-04-02,2016-04-02,서울,송파구을,서울송파구을,0.000,0.300,0.099,0.000,0.330,0.011,0.000,0.000,0.405,0.134,0.000,0.446,0.015,0.000,0.260,코리아리서치센터,"KBS,연합뉴스",유선RDD,전화면접,511,10.5,2.39,3
2016-03-23,2016-03-24,2016-03-24,서울,강동구을,서울강동구을,0.331,0.288,0.088,0.000,0.000,0.000,0.000,0.468,0.407,0.124,0.000,0.000,0.000,0.000,0.293,중앙일보조사연구팀/엠브레인,중앙일보,유무선혼합RDD,전화면접,600,12.3,1.7,3
2016-04-03,2016-04-04,2016-04-05,서울,강동구을,서울강동구을,0.319,0.355,0.116,0.000,0.000,0.000,0.000,0.404,0.449,0.147,0.000,0.000,0.000,0.000,0.210,마크로밀엠브레인,YTN,유무선혼합RDD,ARS,501,2.7,1.8,2
2016-04-06,2016-04-06,2016-04-06,서울,강동구을,서울강동구을,0.362,0.299,0.155,0.000,0.000,0.000,0.000,0.444,0.366,0.190,0.000,0.000,0.000,0.000,0.184,마크로밀엠브레인,중앙일보,유무선혼합RDD,전화면접,506,17.3,1.42,3
2016-03-23,2016-03-23,2016-03-23,부산,중구영도구,부산중구영도구,0.656,0.185,0.000,0.000,0.022,0.000,0.000,0.760,0.214,0.000,0.000,0.025,0.000,0.000,0.137,한국사회여론연구소(KSOI),부산일보,유선RDD,전화면접,500,7.6,2.4,3
2016-04-02,2016-04-03,2016-04-03,부산,중구영도구,부산중구영도구,0.546,0.293,0.000,0.000,0.055,0.000,0.000,0.611,0.328,0.000,0.000,0.062,0.000,0.000,0.106,한길리서치센타,"부산MBC,부산KBS",유선RDD,전화면접,600,13.1,1.56,3
2016-03-26,2016-03-27,2016-03-27,부산,부산진구갑,부산부산진구갑,0.424,0.252,0.000,0.000,0.021,0.000,0.000,0.608,0.362,0.000,0.000,0.030,0.000,0.000,0.303,리서치앤리서치,국제신문,유선RDD,전화면접,510,7.4,2.17,3
2016-03-22,2016-03-22,2016-03-22,부산,부산진구갑,부산부산진구갑,0.573,0.257,0.000,0.000,0.014,0.000,0.000,0.679,0.305,0.000,0.000,0.017,0.000,0.000,0.156,한국사회여론연구소(KSOI),부산일보,유선RDD,전화면접,506,11.4,1.39,3
2016-03-31,2016-04-02,2016-04-03,부산,부산진구갑,부산부산진구갑,0.556,0.306,0.000,0.000,0.033,0.000,0.000,0.621,0.342,0.000,0.000,0.037,0.000,0.000,0.105,한길리서치센타,"부산MBC,부산KBS",유선RDD,전화면접,500,7.9,2.36,3
2016-03-26,2016-03-27,2016-03-27,부산,남구을,부산남구을,0.374,0.190,0.025,0.000,0.000,0.000,0.000,0.635,0.323,0.042,0.000,0.000,0.000,0.000,0.411,리서치앤리서치,국제신문,유선RDD,전화면접,600,16.5,1.08,3
2016-03-22,2016-03-22,2016-03-22,부산,남구을,부산남구을,0.447,0.336,0.075,0.000,0.000,0.000,0.000,0.521,0.392,0.087,0.000,0.000,0.000,0.000,0.142,한국사회여론연구소(KSOI),부산일보,유선RDD,전화면접,600,23.8,1.39,3
2016-04-02,2016-04-03,2016-04-03,부산,남구을,부산남구을,0.411,0.342,0.085,0.000,0.000,0.000,0.000,0.490,0.408,0.101,0.000,0.000,0.000,0.000,0.162,한길리서치센타,"부산MBC,부산KBS",유선RDD,전화면접,500,19.7,1.32,3
2016-03-26,2016-03-27,2016-03-27,부산,북구강서구갑,부산북구강서구갑,0.393,0.264,0.000,0.000,0.000,0.000,0.000,0.598,0.402,0.000,0.000,0.000,0.000,0.000,0.343,리서치앤리서치,국제신문,유선RDD,ARS,754,2.6,2.17,2
2016-03-27,2016-03-27,2016-03-27,부산,북구강서구갑,부산북구강서구갑,0.385,0.518,0.000,0.000,0.000,0.000,0.000,0.426,0.574,0.000,0.000,0.000,0.000,0.000,0.097,한국사회여론연구소(KSOI),부산일보,유선RDD,ARS,756,2.4,2.13,2
2016-03-25,2016-03-26,2016-03-26,부산,북구강서구갑,부산북구강서구갑,0.457,0.436,0.000,0.000,0.000,0.000,0.000,0.512,0.488,0.000,0.000,0.000,0.000,0.000,0.107,(주)폴리컴,박민식,유선RDD,전화면접,700,8.9,2.44,2
2016-03-31,2016-04-02,2016-04-03,부산,북구강서구갑,부산북구강서구갑,0.418,0.423,0.000,0.000,0.000,0.000,0.000,0.497,0.503,0.000,0.000,0.000,0.000,0.000,0.159,리얼미터,MBN,유선RDD,전화면접,500,10.8,1.4,3
2016-04-01,2016-04-02,2016-04-02,부산,북구강서구갑,부산북구강서구갑,0.467,0.433,0.000,0.000,0.000,0.000,0.000,0.519,0.481,0.000,0.000,0.000,0.000,0.000,0.100,포커스컴퍼니,문화일보,유선RDD,ARS,735,1.6,2.4,2
2016-03-31,2016-04-01,2016-04-02,부산,북구강서구갑,부산북구강서구갑,0.420,0.354,0.000,0.000,0.000,0.000,0.000,0.543,0.457,0.000,0.000,0.000,0.000,0.000,0.226,㈜리서치앤리서치,동아일보,유선RDD,전화면접,500,13.8,1.6,3
2016-04-02,2016-04-03,2016-04-03,부산,북구강서구갑,부산북구강서구갑,0.354,0.389,0.000,0.000,0.000,0.000,0.000,0.476,0.524,0.000,0.000,0.000,0.000,0.000,0.257,한국사회여론연구소(KSOI),부산일보,유선RDD,ARS,1620,4.3,1.92,2
2016-04-01,2016-04-02,2016-04-02,부산,북구강서구갑,부산북구강서구갑,0.433,0.416,0.000,0.000,0.000,0.000,0.000,0.510,0.490,0.000,0.000,0.000,0.000,0.000,0.151,(주)코리아리서치센터,"KBS,연합뉴스",유선RDD,ARS,709,20,2.33,3
2016-04-01,2016-04-02,2016-04-03,부산,북구강서구갑,부산북구강서구갑,0.384,0.467,0.000,0.000,0.000,0.000,0.000,0.451,0.549,0.000,0.000,0.000,0.000,0.000,0.149,조원씨앤아이,"국민일보,CBS",유선/스마트폰앱혼합,전화면접,700,14.3,2.49,3
2016-03-30,2016-04-01,2016-03-31,부산,북구강서구갑,부산북구강서구갑,0.431,0.416,0.000,0.000,0.000,0.000,0.000,0.509,0.491,0.000,0.000,0.000,0.000,0.000,0.153,한길리서치센타,"부산MBC,부산KBS",유선RDD,ARS,1029,2.7,1.99,2
2016-04-02,2016-04-03,2016-04-04,부산,북구강서구갑,부산북구강서구갑,0.411,0.456,0.000,0.000,0.000,0.000,0.000,0.474,0.526,0.000,0.000,0.000,0.000,0.000,0.133,TNSKOREA,SBS,유선RDD,전화면접,500,13.9,1.93,3
2016-03-27,2016-03-27,2016-03-27,부산,북구강서구을,부산북구강서구을,0.535,0.268,0.070,0.000,0.000,0.000,0.000,0.613,0.307,0.080,0.000,0.000,0.000,0.000,0.127,한국사회여론연구소(KSOI),부산일보,유선RDD,전화면접,500,12.8,1.18,2
2016-03-26,2016-03-28,2016-03-28,부산,사하구갑,부산사하구갑,0.460,0.267,0.000,0.000,0.015,0.006,0.000,0.615,0.357,0.000,0.000,0.020,0.008,0.000,0.252,코리아리서치센터,한국일보,유선RDD,전화면접,500,12.8,1.5,3
2016-03-26,2016-03-27,2016-03-27,부산,사하구갑,부산사하구갑,0.510,0.184,0.000,0.000,0.003,0.003,0.000,0.729,0.263,0.000,0.000,0.004,0.004,0.000,0.300,리서치앤리서치,국제신문,유선RDD,전화면접,505,10.8,2.31,3
2016-03-30,2016-04-02,2016-04-01,부산,사하구갑,부산사하구갑,0.473,0.300,0.000,0.000,0.013,0.012,0.000,0.593,0.376,0.000,0.000,0.016,0.015,0.000,0.202,한길리서치센타,"부산MBC,부산KBS",유선RDD,전화면접,515,12.6,2.47,3
2016-04-03,2016-04-04,2016-04-04,부산,사하구갑,부산사하구갑,0.318,0.272,0.000,0.000,0.009,0.005,0.004,0.523,0.447,0.000,0.000,0.015,0.008,0.007,0.392,한국사회여론연구소,부산일보,유선RDD,전화면접,500,19.5,2.22,3
2016-03-30,2016-04-01,2016-04-02,부산,사하구을,부산사하구을,0.551,0.202,0.055,0.016,0.012,0.004,0.000,0.656,0.240,0.065,0.019,0.014,0.005,0.000,0.160,한길리서치센타,"부산MBC,부산KBS",유선RDD,전화면접,500,12,1.9,2
2016-04-03,2016-04-04,2016-04-04,부산,연제구,부산연제구,0.372,0.252,0.000,0.000,0.000,0.000,0.000,0.596,0.404,0.000,0.000,0.000,0.000,0.000,0.376,"
한국사회여론연구소",부산일보,유선RDD,ARS,710,15.2,2.42,3
2016-03-29,2016-03-31,2016-03-31,부산,사상구,부산사상구,0.227,0.245,0.000,0.000,0.358,0.000,0.000,0.273,0.295,0.000,0.000,0.431,0.000,0.000,0.170,마크로밀엠브레인,YTN,유무선혼합RDD,전화면접,500,11.9,1.5,3
2016-03-26,2016-03-27,2016-03-27,부산,사상구,부산사상구,0.171,0.173,0.000,0.000,0.301,0.000,0.000,0.265,0.268,0.000,0.000,0.467,0.000,0.000,0.355,리서치앤리서치,국제신문,유선RDD,전화면접,700,16.9,2.47,2
2016-03-24,2016-03-25,2016-03-25,부산,사상구,부산사상구,0.229,0.209,0.000,0.000,0.340,0.000,0.000,0.294,0.269,0.000,0.000,0.437,0.000,0.000,0.222,중앙일보조사연구팀/엠브레인,중앙일보,유무선혼합RDD,전화면접,600,30.1,1.01,3
2016-03-23,2016-03-23,2016-03-23,부산,사상구,부산사상구,0.275,0.201,0.000,0.000,0.354,0.000,0.000,0.331,0.242,0.000,0.000,0.427,0.000,0.000,0.170,(주)코리아리서치센터,"KBS,연합뉴스",유선RDD,ARS,1120,2.3,1.26,2
2016-03-18,2016-03-19,2016-03-20,부산,사상구,부산사상구,0.243,0.185,0.000,0.000,0.495,0.000,0.000,0.263,0.200,0.000,0.000,0.536,0.000,0.000,0.077,(주)폴리컴,장제원,유선RDD,ARS,759,3.1,2.4,2
2016-03-18,2016-03-18,2016-03-18,부산,사상구,부산사상구,0.231,0.164,0.000,0.000,0.525,0.000,0.000,0.251,0.178,0.000,0.000,0.571,0.000,0.000,0.080,한국사회여론연구소(KSOI),부산일보,유선RDD,전화면접,500,10.8,1.95,3
2016-04-01,2016-04-02,2016-04-02,부산,사상구,부산사상구,0.223,0.215,0.000,0.000,0.434,0.000,0.000,0.256,0.247,0.000,0.000,0.498,0.000,0.000,0.128,포커스컴퍼니,문화일보,유선RDD,전화면접,500,14.2,1.7,3
2016-04-02,2016-04-02,2016-04-02,부산,사상구,부산사상구,0.186,0.177,0.000,0.000,0.339,0.000,0.000,0.265,0.252,0.000,0.000,0.483,0.000,0.000,0.298,한국사회여론연구소(KSOI),부산일보,유선RDD,전화면접,512,24.4,1.26,3
2016-04-02,2016-04-02,2016-04-02,부산,사상구,부산사상구,0.215,0.231,0.000,0.000,0.437,0.000,0.000,0.243,0.262,0.000,0.000,0.495,0.000,0.000,0.117,한길리서치센타,"부산MBC,부산KBS",유선RDD,전화면접,500,17.3,1.87,3
2016-03-29,2016-03-30,2016-03-30,대구,동구갑,대구동구갑,0.365,0.000,0.000,0.000,0.329,0.000,0.000,0.526,0.000,0.000,0.000,0.474,0.000,0.000,0.306,한국갤럽조사연구소,"TBC,매일신문",유선RDD,전화면접,500,11.9,2.35,3
2016-03-26,2016-03-28,2016-03-27,대구,동구갑,대구동구갑,0.377,0.000,0.000,0.000,0.384,0.000,0.000,0.495,0.000,0.000,0.000,0.505,0.000,0.000,0.239,코리아리서치센터,한국일보,유선RDD,전화면접,600,19.8,1.39,3
2016-03-26,2016-03-27,2016-03-28,대구,동구갑,대구동구갑,0.365,0.000,0.000,0.000,0.336,0.000,0.000,0.521,0.000,0.000,0.000,0.479,0.000,0.000,0.299,TNS,SBS,유선RDD,ARS,510,4.9,2.16,2
2016-03-26,2016-03-27,2016-03-27,대구,동구갑,대구동구갑,0.463,0.000,0.000,0.000,0.351,0.000,0.000,0.569,0.000,0.000,0.000,0.431,0.000,0.000,0.186,리얼미터,"영남일보,대구MBC",유선/스마트폰앱혼합,전화면접,500,11.9,2,3
2016-04-01,2016-04-02,2016-04-02,대구,동구갑,대구동구갑,0.336,0.000,0.000,0.000,0.407,0.000,0.000,0.452,0.000,0.000,0.000,0.548,0.000,0.000,0.257,리서치앤리서치,MBC,유선RDD,ARS,765,2,2.45,2
2016-03-29,2016-03-29,2016-03-29,대구,동구갑,대구동구갑,0.343,0.000,0.000,0.000,0.398,0.000,0.000,0.463,0.000,0.000,0.000,0.537,0.000,0.000,0.259,마크로밀엠브레인,중앙일보,유무선혼합RDD,전화면접,503,20.3,1.56,2
2016-04-01,2016-04-02,2016-04-03,대구,동구갑,대구동구갑,0.385,0.000,0.000,0.000,0.384,0.000,0.000,0.501,0.000,0.000,0.000,0.499,0.000,0.000,0.231,(주)코리아리서치센터,"KBS,연합뉴스",유선RDD,전화면접,500,16.7,2.42,2
2016-04-04,2016-04-04,2016-04-04,대구,동구갑,대구동구갑,0.482,0.000,0.000,0.000,0.364,0.000,0.000,0.570,0.000,0.000,0.000,0.430,0.000,0.000,0.154,폴스미스,"매일신문,TBC",유선/스마트폰앱혼합,전화면접,501,8.6,2.42,3
2016-04-01,2016-04-02,2016-04-03,대구,동구갑,대구동구갑,0.365,0.000,0.000,0.000,0.436,0.000,0.000,0.456,0.000,0.000,0.000,0.544,0.000,0.000,0.199,㈜포커스컴퍼니,문화일보,유선RDD,전화면접,502,9.7,2.5,3
2016-04-05,2016-04-06,2016-04-06,대구,동구갑,대구동구갑,0.386,0.000,0.000,0.000,0.294,0.000,0.000,0.568,0.000,0.000,0.000,0.432,0.000,0.000,0.320,마크로밀엠브레인,YTN,유무선혼합RDD,전화면접,515,10.3,2.5,2
2016-04-02,2016-04-04,2016-04-05,대구,동구갑,대구동구갑,0.366,0.000,0.000,0.000,0.427,0.000,0.000,0.462,0.000,0.000,0.000,0.538,0.000,0.000,0.207,TNSKOREA,SBS,유선RDD,전화면접,500,10.7,1.9,2
2016-03-28,2016-03-29,2016-03-30,대구,북구갑,대구북구갑,0.499,0.101,0.049,0.000,0.214,0.000,0.000,0.578,0.117,0.057,0.000,0.248,0.000,0.000,0.137,리얼미터,"영남일보,대구MBC",유선/스마트폰앱혼합,전화면접,500,10.3,2.29,3
2016-04-03,2016-04-03,2016-04-03,대구,북구갑,대구북구갑,0.523,0.064,0.042,0.000,0.276,0.000,0.000,0.578,0.071,0.046,0.000,0.305,0.000,0.000,0.095,폴스미스,"매일신문,TBC",유선RDD,전화면접,514,19.2,2.34,3
2016-03-28,2016-03-29,2016-03-29,대구,북구을,대구북구을,0.268,0.000,0.000,0.095,0.423,0.000,0.000,0.341,0.000,0.000,0.121,0.538,0.000,0.000,0.214,리얼미터,"영남일보,대구MBC  ",유선/스마트폰앱혼합,ARS,514,3.7,2.41,2
2016-04-01,2016-04-02,2016-04-02,대구,북구을,대구북구을,0.271,0.000,0.000,0.054,0.373,0.000,0.000,0.388,0.000,0.000,0.077,0.534,0.000,0.000,0.302,밀워드브라운미디어리서치,조선일보,유선RDD,ARS,776,1.7,2.48,2
2016-04-02,2016-04-02,2016-04-02,대구,북구을,대구북구을,0.351,0.000,0.000,0.053,0.508,0.000,0.000,0.385,0.000,0.000,0.058,0.557,0.000,0.000,0.088,폴스미스,"매일신문,TBC",유선RDD,전화면접,500,15.4,1.54,3
2016-04-05,2016-04-06,2016-04-06,대구,북구을,대구북구을,0.260,0.000,0.000,0.083,0.488,0.000,0.000,0.313,0.000,0.000,0.100,0.587,0.000,0.000,0.169,마크로밀엠브레인,YTN,유무선혼합RDD,전화면접,521,11.8,1.6,3
2016-03-19,2016-03-20,2016-03-20,대구,수성구갑,대구수성구갑,0.316,0.500,0.000,0.000,0.000,0.000,0.000,0.387,0.613,0.000,0.000,0.000,0.000,0.000,0.184,(주)리서치앤리서치,동아일보,유선RDD,ARS,508,3.1,2.37,3
2016-03-15,2016-03-16,2016-03-17,대구,수성구갑,대구수성구갑,0.385,0.515,0.000,0.000,0.000,0.000,0.000,0.428,0.572,0.000,0.000,0.000,0.000,0.000,0.100,중앙일보조사연구팀/엠브레인,중앙일보,유무선혼합RDD,ARS,1012,2.1,2.37,2
2016-03-26,2016-03-27,2016-03-28,대구,수성구갑,대구수성구갑,0.346,0.529,0.000,0.000,0.000,0.000,0.000,0.395,0.605,0.000,0.000,0.000,0.000,0.000,0.125,TNS,SBS,유선RDD,전화면접,502,25.2,1.36,4
2016-03-25,2016-03-26,2016-03-26,대구,수성구갑,대구수성구갑,0.382,0.527,0.000,0.000,0.000,0.000,0.000,0.420,0.580,0.000,0.000,0.000,0.000,0.000,0.091,리얼미터,"영남일보,대구MBC",유선/스마트폰앱혼합,전화면접,500,23.1,1.87,3
2016-03-22,2016-03-23,2016-03-23,대구,수성구갑,대구수성구갑,0.369,0.463,0.000,0.000,0.000,0.000,0.000,0.444,0.556,0.000,0.000,0.000,0.000,0.000,0.168,(주)코리아리서치센터,"KBS,연합뉴스",유선RDD,전화면접,600,19.5,1.06,4
2016-03-31,2016-04-01,2016-04-02,대구,수성구갑,대구수성구갑,0.381,0.491,0.000,0.000,0.000,0.000,0.000,0.437,0.563,0.000,0.000,0.000,0.000,0.000,0.128,리얼미터,서울경제,유선RDD,전화면접,1489,3.2,1.4,3
2016-04-01,2016-04-02,2016-04-02,대구,수성구갑,대구수성구갑,0.318,0.542,0.000,0.000,0.000,0.000,0.000,0.370,0.630,0.000,0.000,0.000,0.000,0.000,0.140,리서치앤리서치,MBC,유선RDD,ARS,501,7,2.09,4
2016-04-01,2016-04-02,2016-04-03,대구,수성구갑,대구수성구갑,0.309,0.603,0.000,0.000,0.000,0.000,0.000,0.339,0.661,0.000,0.000,0.000,0.000,0.000,0.088,㈜포커스컴퍼니,문화일보,유선RDD,전화면접/ARS,507,7.2,2.38,2
2016-04-05,2016-04-06,2016-04-06,대구,수성구갑,대구수성구갑,0.292,0.613,0.000,0.000,0.000,0.000,0.000,0.323,0.677,0.000,0.000,0.000,0.000,0.000,0.095,마크로밀엠브레인,YTN,유무선혼합RDD,ARS,1489,3.2,2.5,2
2016-04-02,2016-04-04,2016-04-05,대구,수성구갑,대구수성구갑,0.322,0.576,0.000,0.000,0.000,0.000,0.000,0.359,0.641,0.000,0.000,0.000,0.000,0.000,0.102,TNSKOREA,SBS,유선RDD,전화면접,500,12.2,1.94,2
2016-04-04,2016-04-05,2016-04-05,대구,수성구갑,대구수성구갑,0.435,0.515,0.000,0.000,0.000,0.000,0.000,0.458,0.542,0.000,0.000,0.000,0.000,0.000,0.050,폴스미스,"TBC,매일신문",유선RDD,전화면접,500,18.1,2.03,4
2016-03-29,2016-03-30,2016-03-30,대구,수성구을,대구수성구을,0.259,0.071,0.000,0.000,0.389,0.000,0.000,0.360,0.099,0.000,0.000,0.541,0.000,0.000,0.281,한국갤럽조사연구소,"TBC,매일신문",유선RDD,전화면접,511,11.4,1.94,3
2016-03-27,2016-03-28,2016-03-28,대구,수성구을,대구수성구을,0.313,0.128,0.000,0.000,0.395,0.000,0.000,0.374,0.153,0.000,0.000,0.472,0.000,0.000,0.164,리얼미터,"영남일보,대구MBC",유선/스마트폰앱혼합,전화면접,504,24.9,1.33,3
2016-03-26,2016-03-26,2016-03-26,대구,수성구을,대구수성구을,0.229,0.140,0.000,0.000,0.400,0.000,0.000,0.298,0.182,0.000,0.000,0.520,0.000,0.000,0.231,밀워드브라운미디어리서치,조선일보,유선RDD,ARS,2005,4.5,2.497,2
2016-04-01,2016-04-02,2016-04-02,대구,수성구을,대구수성구을,0.222,0.109,0.000,0.000,0.487,0.000,0.000,0.271,0.133,0.000,0.000,0.595,0.000,0.000,0.182,(주)코리아리서치센터,"KBS,연합뉴스",유선RDD,전화면접,503,12.7,2.06,3
2016-04-05,2016-04-05,2016-04-05,대구,수성구을,대구수성구을,0.364,0.130,0.000,0.000,0.440,0.000,0.000,0.390,0.139,0.000,0.000,0.471,0.000,0.000,0.066,폴스미스,"매일신문,TBC",유선RDD,전화면접,515,13.6,2.44,2
2016-04-05,2016-04-06,2016-04-06,대구,수성구을,대구수성구을,0.258,0.154,0.000,0.000,0.475,0.000,0.000,0.291,0.174,0.000,0.000,0.536,0.000,0.000,0.113,마크로밀엠브레인,YTN,유무선혼합RDD,전화면접,500,9.5,1.3,2
2016-03-27,2016-03-28,2016-03-28,대구,수성구을,대구수성구을,0.262,0.145,0.000,0.000,0.412,0.000,0.000,0.320,0.177,0.000,0.000,0.503,0.000,0.000,0.181,마크로밀엠브레인,중앙일보,유무선혼합RDD,전화면접,500,15.7,1.68,3
2016-04-04,2016-04-05,2016-04-05,대구,수성구을,대구수성구을,0.269,0.121,0.000,0.000,0.404,0.000,0.000,0.339,0.152,0.000,0.000,0.509,0.000,0.000,0.206,리서치앤리서치,동아일보,유선RDD,전화면접,500,21.2,1.77,3
2016-03-26,2016-03-26,2016-03-26,대구,달성군,대구달성군,0.323,0.107,0.000,0.000,0.260,0.000,0.000,0.468,0.155,0.000,0.000,0.377,0.000,0.000,0.310,밀워드브라운미디어리서치,조선일보,유선RDD,전화면접,600,23,1.04,6
2016-03-25,2016-03-26,2016-03-26,인천,중구동구강화군옹진군,인천중구동구강화군옹진군,0.254,0.000,0.119,0.111,0.259,0.000,0.000,0.342,0.000,0.160,0.149,0.349,0.000,0.000,0.257,한길리서치센터,"경기일보,기호일보",유선/스마트폰앱혼합,전화면접,519,9.1,1.1,2
2016-04-02,2016-04-03,2016-04-04,인천,중구동구강화군옹진군,인천중구동구강화군옹진군,0.320,0.000,0.116,0.094,0.260,0.000,0.000,0.405,0.000,0.147,0.119,0.329,0.000,0.000,0.210,모노커뮤니케이션즈,인천일보,유선/스마트폰앱혼합,전화면접,508,11.7,1.4,2
2016-04-02,2016-04-03,2016-04-03,인천,중구동구강화군옹진군,인천중구동구강화군옹진군,0.309,0.000,0.116,0.146,0.318,0.000,0.000,0.348,0.000,0.130,0.164,0.358,0.000,0.000,0.111,리얼미터,중부일보,유선/스마트폰앱혼합,ARS,520,7.1,2.26,2
2016-03-28,2016-03-29,2016-03-30,인천,중구동구강화군옹진군,인천중구동구강화군옹진군,0.266,0.000,0.085,0.111,0.263,0.000,0.000,0.367,0.000,0.117,0.153,0.363,0.000,0.000,0.275,중앙일보조사연구팀/엠브레인,중앙일보,유무선혼합RDD,ARS,1062,2.6,2.39,2
2016-04-01,2016-04-02,2016-04-02,인천,남구갑,인천남구갑,0.343,0.153,0.054,0.000,0.000,0.000,0.000,0.624,0.278,0.098,0.000,0.000,0.000,0.000,0.450,한국씨앤알,경인일보,유선/인터넷혼합,전화면접,500,9.4,1.83,2
2016-03-26,2016-03-27,2016-03-28,인천,남구을,인천남구을,0.128,0.000,0.139,0.088,0.434,0.000,0.000,0.162,0.000,0.176,0.112,0.550,0.000,0.000,0.211,TNS,SBS,유선RDD,전화면접,503,21.8,1.5,4
2016-03-26,2016-03-26,2016-03-26,인천,남구을,인천남구을,0.101,0.000,0.110,0.076,0.316,0.000,0.000,0.167,0.000,0.182,0.126,0.524,0.000,0.000,0.397,한국CNR,경인일보,유무선혼합RDD,전화면접,500,18.7,2.38,2
2016-03-25,2016-03-26,2016-03-27,인천,남구을,인천남구을,0.142,0.000,0.128,0.109,0.430,0.000,0.000,0.176,0.000,0.158,0.135,0.532,0.000,0.000,0.191,리얼미터,경기신문,유선/스마트폰앱혼합,전화면접,500,22.3,2.14,3
2016-04-04,2016-04-05,2016-04-05,인천,남구을,인천남구을,0.131,0.000,0.201,0.202,0.348,0.000,0.000,0.149,0.000,0.228,0.229,0.395,0.000,0.000,0.118,조원씨앤아이,국민의당,유선/스마트폰앱혼합,전화면접,512,10.9,1.1,2
2016-03-28,2016-03-28,2016-03-28,인천,연수구을,인천연수구을,0.405,0.275,0.116,0.000,0.000,0.000,0.000,0.509,0.345,0.146,0.000,0.000,0.000,0.000,0.204,리얼미터,중부일보,유선/스마트폰앱혼합,전화면접,600,22.7,1.02,5
2016-03-22,2016-03-23,2016-03-24,인천,남동구갑,인천남동구갑,0.306,0.316,0.080,0.000,0.000,0.000,0.000,0.436,0.450,0.114,0.000,0.000,0.000,0.000,0.298,(주)코리아리서치센터,"KBS,연합뉴스",유선RDD,ARS,511,3.5,2.02,4
2016-04-01,2016-04-02,2016-04-03,인천,남동구갑,인천남동구갑,0.290,0.403,0.106,0.000,0.000,0.000,0.000,0.363,0.504,0.133,0.000,0.000,0.000,0.000,0.201,마크로밀엠브레인,YTN,유무선혼합RDD,ARS,552,4.6,2.37,4
2016-04-03,2016-04-04,2016-04-04,인천,남동구갑,인천남동구갑,0.330,0.373,0.110,0.000,0.000,0.000,0.000,0.406,0.459,0.135,0.000,0.000,0.000,0.000,0.187,㈜한국리서치,한겨레신문,유선RDD,전화면접,500,19.2,1.55,3
2016-04-02,2016-04-03,2016-04-03,인천,남동구갑,인천남동구갑,0.328,0.332,0.124,0.000,0.000,0.000,0.000,0.418,0.423,0.158,0.000,0.000,0.000,0.000,0.216,모노커뮤니케이션즈(모노리서치),인천일보,유선/스마트폰앱혼합,전화면접,505,22.8,1.65,4
2016-03-26,2016-03-26,2016-03-26,인천,남동구을,인천남동구을,0.328,0.364,0.000,0.000,0.000,0.000,0.000,0.474,0.526,0.000,0.000,0.000,0.000,0.000,0.308,밀워드브라운미디어리서치,조선일보,유선RDD,ARS,501,3.6,1.6,2
2016-04-04,2016-04-05,2016-04-05,인천,남동구을,인천남동구을,0.332,0.357,0.000,0.000,0.000,0.000,0.000,0.482,0.518,0.000,0.000,0.000,0.000,0.000,0.311,리서치앤리서치,동아일보,유선RDD,전화면접,516,22.5,1.49,4
2016-03-20,2016-03-21,2016-03-21,인천,부평구갑,인천부평구갑,0.242,0.210,0.173,0.000,0.109,0.000,0.000,0.330,0.286,0.236,0.000,0.149,0.000,0.000,0.266,리얼미터,중부일보,유선/스마트폰앱혼합,전화면접,500,16,1.53,4
2016-03-30,2016-03-30,2016-03-30,인천,부평구갑,인천부평구갑,0.165,0.170,0.176,0.000,0.051,0.000,0.000,0.294,0.302,0.313,0.000,0.091,0.000,0.000,0.438,한길리서치센타,"경기일보,기호일보",유무선혼합RDD,전화면접,500,16,1.53,4
2016-03-26,2016-03-26,2016-03-26,인천,부평구갑,인천부평구갑,0.359,0.240,0.179,0.000,0.120,0.000,0.000,0.400,0.267,0.199,0.000,0.134,0.000,0.000,0.102,시대정신연구소,정유섭후보,유선RDD,전화면접,504,8.2,2.28,3
2016-04-01,2016-04-02,2016-04-02,인천,부평구갑,인천부평구갑,0.291,0.198,0.183,0.000,0.069,0.000,0.000,0.393,0.267,0.247,0.000,0.093,0.000,0.000,0.259,밀워드브라운미디어리서치,조선일보,유선RDD,ARS,508,2.1,1.94,4
2016-04-02,2016-04-03,2016-04-03,인천,부평구갑,인천부평구갑,0.306,0.176,0.222,0.000,0.104,0.000,0.000,0.379,0.218,0.275,0.000,0.129,0.000,0.000,0.192,모노커뮤니케이션즈(모노리서치),인천일보,유선/스마트폰앱혼합,전화면접,500,7.3,2,2
2016-04-02,2016-04-03,2016-04-03,인천,부평구갑,인천부평구갑,0.306,0.176,0.222,0.000,0.104,0.000,0.000,0.379,0.218,0.275,0.000,0.129,0.000,0.000,0.192,모노커뮤니케이션즈(모노리서치),인천일보,유선/스마트폰앱혼합,ARS,501,3.4,2.16,3
2016-04-01,2016-04-02,2016-04-03,인천,계양구갑,인천계양구갑,0.308,0.340,0.155,0.000,0.000,0.000,0.000,0.384,0.423,0.193,0.000,0.000,0.000,0.000,0.197,마크로밀엠브레인,YTN,유무선혼합RDD,전화면접,505,11.5,1.43,3
2016-03-22,2016-03-23,2016-03-23,인천,계양구을,인천계양구을,0.254,0.394,0.097,0.000,0.000,0.000,0.000,0.341,0.529,0.130,0.000,0.000,0.000,0.000,0.255,중앙일보조사연구팀/엠브레인,중앙일보,유무선혼합RDD,전화면접,512,9,2.21,3
2016-03-19,2016-03-20,2016-03-20,인천,계양구을,인천계양구을,0.219,0.354,0.107,0.000,0.000,0.000,0.000,0.322,0.521,0.157,0.000,0.000,0.000,0.000,0.320,(주)리서치앤리서치,동아일보,유선RDD,전화면접,500,11.2,2,3
2016-03-17,2016-03-18,2016-03-19,인천,계양구을,인천계양구을,0.218,0.298,0.108,0.000,0.000,0.000,0.000,0.349,0.478,0.173,0.000,0.000,0.000,0.000,0.376,한국CNR/케이엠조사연구소,경인일보,유무선혼합RDD,전화면접,517,10.2,1.1,3
2016-03-28,2016-03-31,2016-03-30,인천,계양구을,인천계양구을,0.249,0.371,0.116,0.000,0.000,0.000,0.000,0.338,0.504,0.158,0.000,0.000,0.000,0.000,0.264,한길리서치센타,"경기일보,기호일보",유무선혼합RDD,전화면접,500,7.8,1.51,3
2016-03-28,2016-03-30,2016-03-31,인천,계양구을,인천계양구을,0.249,0.371,0.116,0.000,0.000,0.000,0.000,0.338,0.504,0.158,0.000,0.000,0.000,0.000,0.264,한길리서치센타,"경기일보,기호일보",유무선혼합RDD,ARS,510,2.7,1.87,4
2016-04-01,2016-04-03,2016-04-05,인천,계양구을,인천계양구을,0.473,0.272,0.181,0.000,0.000,0.000,0.000,0.511,0.294,0.195,0.000,0.000,0.000,0.000,0.074,윈폴(WINPOLL),윤형선,유선RDD,전화면접,519,10.7,1.7,3
2016-04-01,2016-04-02,2016-04-03,인천,계양구을,인천계양구을,0.295,0.402,0.162,0.000,0.000,0.000,0.000,0.343,0.468,0.189,0.000,0.000,0.000,0.000,0.141,㈜포커스컴퍼니,문화일보,유선RDD,ARS,731,1.2,2.41,3
2016-03-16,2016-03-16,2016-03-16,인천,서구갑,인천서구갑,0.383,0.234,0.000,0.000,0.000,0.000,0.000,0.621,0.379,0.000,0.000,0.000,0.000,0.000,0.383,한국CNR/케이엠조사연구소,경인일보,유무선혼합RDD,ARS,547,4.4,2.34,4
2016-04-02,2016-04-03,2016-04-03,인천,서구갑,인천서구갑,0.496,0.270,0.060,0.000,0.032,0.000,0.000,0.578,0.315,0.070,0.000,0.037,0.000,0.000,0.142,모노커뮤니케이션즈,인천일보,유선/스마트폰앱혼합,전화면접,500,11.3,1.49,4
2016-03-28,2016-03-29,2016-03-29,인천,서구을,인천서구을,0.267,0.260,0.131,0.000,0.061,0.000,0.000,0.371,0.362,0.182,0.000,0.085,0.000,0.000,0.281,한길리서치센타,"경기일보,기호일보",유선/스마트폰앱혼합,전화면접,503,14.1,1.24,3
2016-03-29,2016-03-30,2016-03-31,인천,서구을,인천서구을,0.327,0.278,0.123,0.000,0.100,0.000,0.000,0.395,0.336,0.149,0.000,0.121,0.000,0.000,0.172,마크로밀엠브레인,YTN,유무선혼합RDD,전화면접,600,15,1.05,3
2016-04-02,2016-04-03,2016-04-04,인천,서구을,인천서구을,0.368,0.356,0.098,0.000,0.000,0.000,0.000,0.448,0.433,0.119,0.000,0.000,0.000,0.000,0.178,모노커뮤니케이션즈(모노리서치),인천일보,유선/스마트폰앱혼합,ARS,500,0.6,2.45,2
2016-04-01,2016-04-02,2016-04-03,인천,서구을,인천서구을,0.359,0.341,0.111,0.000,0.000,0.000,0.000,0.443,0.420,0.137,0.000,0.000,0.000,0.000,0.189,㈜포커스컴퍼니,문화일보,유선RDD,전화면접,500,6.6,1.92,3
2016-04-04,2016-04-05,2016-04-05,인천,서구을,인천서구을,0.278,0.251,0.091,0.000,0.000,0.000,0.000,0.448,0.405,0.147,0.000,0.000,0.000,0.000,0.380,한국CNR,경인일보,유선/인터넷혼합,전화면접,503,9.4,1.79,2
2016-03-30,2016-04-01,2016-04-02,광주,동구남구갑,광주동구남구갑,0.038,0.199,0.393,0.000,0.111,0.021,0.000,0.050,0.261,0.516,0.000,0.146,0.028,0.000,0.238,한국리서치,광주방송,유선RDD,전화면접,508,13.6,1.47,3
2016-04-01,2016-04-02,2016-04-02,광주,동구남구갑,광주동구남구갑,0.029,0.176,0.503,0.000,0.125,0.031,0.000,0.034,0.204,0.582,0.000,0.145,0.036,0.000,0.136,코리아리서치센터,"KBS,연합뉴스",유선RDD,전화면접,500,8.4,1.6,3
2016-04-01,2016-04-02,2016-04-03,광주,동구남구갑,광주동구남구갑,0.021,0.209,0.444,0.000,0.124,0.018,0.000,0.026,0.256,0.544,0.000,0.152,0.022,0.000,0.184,밀워드브라운미디어리서치,광주KBS,유선RDD,ARS,500,3.5,1.87,3
2016-03-27,2016-03-28,2016-03-28,광주,동구남구갑,광주동구남구갑,0.012,0.165,0.393,0.000,0.000,0.023,0.000,0.020,0.278,0.663,0.000,0.000,0.039,0.000,0.407,중앙일보조사연구팀/엠브레인,중앙일보,유무선혼합RDD,전화면접,527,12.1,1.14,3
2016-04-01,2016-04-02,2016-04-03,광주,동구남구갑,광주동구남구갑,0.022,0.208,0.443,0.000,0.145,0.000,0.000,0.027,0.254,0.542,0.000,0.177,0.000,0.000,0.182,㈜밀워드브라운리서치,광주KBS,유선RDD,ARS,500,2.4,2.28,3
2016-03-30,2016-04-01,2016-04-02,광주,동구남구을,광주동구남구을,0.030,0.312,0.433,0.000,0.000,0.000,0.000,0.039,0.403,0.559,0.000,0.000,0.000,0.000,0.225,한국리서치,광주방송,유선RDD,전화면접,500,7.8,1.97,3
2016-04-01,2016-04-02,2016-04-02,광주,동구남구을,광주동구남구을,0.034,0.304,0.361,0.000,0.000,0.000,0.000,0.049,0.435,0.516,0.000,0.000,0.000,0.000,0.301,코리아리서치센터,"KBS,연합뉴스",유선RDD,전화면접,501,24.2,1.3,3
2016-04-01,2016-04-02,2016-04-03,광주,동구남구을,광주동구남구을,0.033,0.320,0.448,0.000,0.000,0.000,0.000,0.041,0.400,0.559,0.000,0.000,0.000,0.000,0.199,밀워드브라운미디어리서치,광주KBS,유선RDD,전화면접,500,19,1.58,3
2016-04-03,2016-04-04,2016-04-05,광주,동구남구을,광주동구남구을,0.074,0.273,0.485,0.000,0.000,0.000,0.000,0.089,0.328,0.583,0.000,0.000,0.000,0.000,0.168,리얼미터,무등일보,유선/스마트폰앱혼합,전화면접,509,16,1.31,3
2016-04-01,2016-04-02,2016-04-03,광주,동구남구을,광주동구남구을,0.034,0.326,0.446,0.000,0.000,0.000,0.000,0.042,0.404,0.553,0.000,0.000,0.000,0.000,0.194,㈜밀워드브라운리서치,광주KBS,유선RDD,전화면접,600,21.5,1.16,3
2016-04-03,2016-04-04,2016-04-05,광주,동구남구을,광주동구남구을,0.074,0.273,0.485,0.000,0.000,0.000,0.000,0.089,0.328,0.583,0.000,0.000,0.000,0.000,0.168,리얼미터,무등일보,유선/스마트폰앱혼합,전화면접,500,14.9,1.97,2
2016-03-28,2016-03-29,2016-03-29,광주,동구남구을,광주동구남구을,0.045,0.267,0.408,0.000,0.000,0.000,0.000,0.063,0.371,0.567,0.000,0.000,0.000,0.000,0.280,마크로밀엠브레인,중앙일보,유무선혼합RDD,전화면접,510,12.2,1.7,3
2016-03-30,2016-04-01,2016-04-02,광주,서구갑,광주서구갑,0.025,0.294,0.349,0.034,0.000,0.000,0.000,0.036,0.419,0.497,0.048,0.000,0.000,0.000,0.298,한국리서치,광주방송,유선RDD,전화면접,500,17.8,2.11,2
2016-04-01,2016-04-02,2016-04-03,광주,서구갑,광주서구갑,0.023,0.316,0.394,0.016,0.000,0.000,0.000,0.031,0.422,0.526,0.021,0.000,0.000,0.000,0.251,밀워드브라운미디어리서치,광주KBS,유선RDD,전화면접,600,19.9,1.02,3
2016-04-03,2016-04-04,2016-04-04,광주,서구갑,광주서구갑,0.053,0.346,0.470,0.049,0.000,0.000,0.000,0.058,0.377,0.512,0.053,0.000,0.000,0.000,0.082,리얼미터,무등일보,유선/스마트폰앱혼합,ARS,515,5.1,2.18,2
2016-04-01,2016-04-02,2016-04-03,광주,서구갑,광주서구갑,0.022,0.319,0.394,0.016,0.000,0.000,0.000,0.029,0.425,0.525,0.021,0.000,0.000,0.000,0.249,㈜밀워드브라운리서치,광주KBS,유선RDD,전화면접,500,9.3,1.91,3
2016-04-03,2016-04-04,2016-04-04,광주,서구갑,광주서구갑,0.053,0.346,0.470,0.049,0.000,0.000,0.000,0.058,0.377,0.512,0.053,0.000,0.000,0.000,0.082,리얼미터,무등일보,유선/스마트폰앱혼합,전화면접,746,11.4,1.7,3
2016-03-22,2016-03-23,2016-03-23,광주,서구을,광주서구을,0.044,0.212,0.486,0.095,0.000,0.000,0.000,0.053,0.253,0.581,0.114,0.000,0.000,0.000,0.163,(주)코리아리서치센터,"KBS,연합뉴스",유선RDD,전화면접,500,10.5,2.12,2
2016-03-17,2016-03-18,2016-03-19,광주,서구을,광주서구을,0.028,0.241,0.395,0.054,0.000,0.000,0.000,0.039,0.336,0.550,0.075,0.000,0.000,0.000,0.282,중앙일보조사연구팀/엠브레인,중앙일보,유무선혼합RDD,ARS,715,2.3,2.34,2
2016-03-30,2016-04-01,2016-04-02,광주,서구을,광주서구을,0.023,0.222,0.457,0.057,0.071,0.000,0.000,0.028,0.267,0.551,0.069,0.086,0.000,0.000,0.170,한국리서치,광주방송,유선RDD,전화면접,500,9.8,1.98,3
2016-04-01,2016-04-02,2016-04-03,광주,서구을,광주서구을,0.019,0.290,0.427,0.052,0.062,0.000,0.000,0.022,0.341,0.502,0.061,0.073,0.000,0.000,0.150,밀워드브라운미디어리서치,광주KBS,유선RDD,전화면접,513,10.7,1.7,3
2016-04-03,2016-04-04,2016-04-04,광주,서구을,광주서구을,0.012,0.279,0.461,0.060,0.067,0.000,0.000,0.014,0.317,0.524,0.068,0.076,0.000,0.000,0.121,포커스컴퍼니,문화일보,유선RDD,전화면접,600,19.9,1.05,3
2016-04-01,2016-04-02,2016-04-03,광주,서구을,광주서구을,0.019,0.290,0.425,0.051,0.062,0.000,0.000,0.022,0.342,0.502,0.060,0.073,0.000,0.000,0.153,㈜밀워드브라운리서치,광주KBS,유선RDD,전화면접,500,10.3,1.9,2
2016-03-30,2016-04-01,2016-04-02,광주,북구갑,광주북구갑,0.000,0.156,0.552,0.000,0.032,0.000,0.000,0.000,0.211,0.746,0.000,0.043,0.000,0.000,0.260,한국리서치,광주방송,유선RDD,전화면접,500,11.6,2.07,3
2016-04-01,2016-04-02,2016-04-03,광주,북구갑,광주북구갑,0.000,0.198,0.511,0.000,0.051,0.000,0.000,0.000,0.261,0.672,0.000,0.067,0.000,0.000,0.240,밀워드브라운미디어리서치,광주KBS,유선RDD,전화면접,510,11.4,1.6,2
2016-04-01,2016-04-02,2016-04-03,광주,북구갑,광주북구갑,0.000,0.198,0.511,0.050,0.000,0.000,0.000,0.000,0.261,0.673,0.066,0.000,0.000,0.000,0.241,㈜밀워드브라운리서치,광주KBS,유선RDD,전화면접,500,14.1,1.79,3
2016-03-30,2016-04-01,2016-04-02,광주,북구을,광주북구을,0.015,0.292,0.328,0.000,0.014,0.002,0.000,0.023,0.449,0.504,0.000,0.022,0.003,0.000,0.349,한국리서치,광주방송,유선RDD,전화면접,500,11.3,2,3
2016-04-01,2016-04-02,2016-04-03,광주,북구을,광주북구을,0.027,0.291,0.351,0.000,0.035,0.012,0.000,0.038,0.406,0.490,0.000,0.049,0.017,0.000,0.284,밀워드브라운미디어리서치,광주KBS,유선RDD,전화면접,513,10.8,1.6,3
2016-04-03,2016-04-04,2016-04-04,광주,북구을,광주북구을,0.039,0.331,0.499,0.000,0.022,0.000,0.000,0.044,0.371,0.560,0.000,0.025,0.000,0.000,0.109,리얼미터,무등일보,유선/스마트폰앱혼합,전화면접,509,10.3,2.38,2
2016-04-01,2016-04-02,2016-04-03,광주,북구을,광주북구을,0.026,0.293,0.356,0.000,0.044,0.000,0.000,0.036,0.408,0.495,0.000,0.061,0.000,0.000,0.281,㈜밀워드브라운리서치,광주KBS,유선RDD,ARS,514,2.1,1.94,2
2016-04-03,2016-04-04,2016-04-04,광주,북구을,광주북구을,0.039,0.331,0.499,0.000,0.022,0.000,0.000,0.044,0.371,0.560,0.000,0.025,0.000,0.000,0.109,리얼미터,무등일보,유선/스마트폰앱혼합,전화면접,500,12,1.98,2
2016-03-31,2016-04-02,2016-04-03,광주,광산구갑,광주광산구갑,0.049,0.237,0.436,0.025,0.000,0.000,0.000,0.066,0.317,0.584,0.033,0.000,0.000,0.000,0.253,리얼미터,MBN,유선RDD,전화면접,515,10.7,1.5,3
2016-03-30,2016-04-01,2016-04-02,광주,광산구갑,광주광산구갑,0.049,0.274,0.406,0.051,0.000,0.000,0.000,0.063,0.351,0.521,0.065,0.000,0.000,0.000,0.220,리얼미터,서울경제,유선RDD,전화면접/ARS,507,4.7,2.33,2
2016-03-30,2016-04-01,2016-04-02,광주,광산구갑,광주광산구갑,0.043,0.315,0.356,0.039,0.000,0.000,0.000,0.057,0.418,0.473,0.052,0.000,0.000,0.000,0.247,한국리서치,광주방송,유선RDD,전화면접,500,11.8,1.94,3
2016-04-01,2016-04-02,2016-04-03,광주,광산구갑,광주광산구갑,0.040,0.277,0.377,0.039,0.000,0.000,0.000,0.055,0.378,0.514,0.053,0.000,0.000,0.000,0.267,밀워드브라운미디어리서치,광주KBS,유선RDD,전화면접,510,11.3,1.4,2
2016-04-01,2016-04-02,2016-04-03,광주,광산구갑,광주광산구갑,0.040,0.278,0.380,0.039,0.000,0.000,0.000,0.054,0.377,0.516,0.053,0.000,0.000,0.000,0.263,㈜밀워드브라운리서치,광주KBS,유선RDD,전화면접,507,10.7,2.3,3
2016-03-29,2016-03-30,2016-03-30,광주,광산구을,광주광산구을,0.020,0.351,0.230,0.025,0.008,0.000,0.000,0.032,0.554,0.363,0.039,0.013,0.000,0.000,0.366,한길리서치센타,광주타임즈,유선/스마트폰앱혼합,전화면접,600,21.5,1.05,3
2016-03-30,2016-04-01,2016-04-02,광주,광산구을,광주광산구을,0.047,0.374,0.336,0.033,0.011,0.000,0.000,0.059,0.467,0.419,0.041,0.014,0.000,0.000,0.199,한국리서치,광주방송,유선RDD,ARS,702,1.6,2.31,2
2016-04-01,2016-04-02,2016-04-03,광주,광산구을,광주광산구을,0.024,0.391,0.361,0.023,0.026,0.000,0.000,0.029,0.474,0.438,0.028,0.032,0.000,0.000,0.175,밀워드브라운미디어리서치,광주KBS,유선RDD,전화면접,500,15,1.84,3
2016-04-03,2016-04-04,2016-04-05,광주,광산구을,광주광산구을,0.028,0.403,0.358,0.034,0.007,0.000,0.000,0.034,0.486,0.431,0.041,0.008,0.000,0.000,0.170,마크로밀엠브레인,YTN,유무선혼합RDD,전화면접,500,10.7,1.94,3
2016-04-03,2016-04-04,2016-04-05,광주,광산구을,광주광산구을,0.037,0.352,0.441,0.052,0.000,0.000,0.000,0.042,0.399,0.500,0.059,0.000,0.000,0.000,0.118,리얼미터,무등일보,유선/스마트폰앱혼합,전화면접,713,12.6,1.4,3
2016-04-01,2016-04-02,2016-04-03,광주,광산구을,광주광산구을,0.025,0.391,0.356,0.023,0.026,0.000,0.000,0.030,0.476,0.434,0.028,0.032,0.000,0.000,0.179,㈜밀워드브라운리서치,광주KBS,유선RDD,전화면접,503,16.3,1.41,3
2016-04-03,2016-04-04,2016-04-05,광주,광산구을,광주광산구을,0.037,0.352,0.441,0.052,0.017,0.000,0.000,0.041,0.392,0.491,0.058,0.019,0.000,0.000,0.101,리얼미터,무등일보,유선/스마트폰앱혼합,ARS,508,4.1,1.8,4
2016-04-03,2016-04-04,2016-04-04,광주,광산구을,광주광산구을,0.032,0.394,0.329,0.027,0.016,0.000,0.000,0.040,0.494,0.412,0.034,0.020,0.000,0.000,0.202,마크로밀엠브레인,중앙일보,유무선혼합RDD,ARS,513,2.6,2.49,2
2016-03-28,2016-03-29,2016-03-29,대전,동구,대전동구,0.390,0.212,0.146,0.000,0.031,0.027,0.000,0.484,0.263,0.181,0.000,0.038,0.033,0.000,0.194,리얼미터,충청투데이,유선/스마트폰앱혼합,ARS,506,3.8,2.5,4
2016-04-04,2016-04-05,2016-04-05,대전,중구,대전중구,0.484,0.268,0.142,0.000,0.041,0.000,0.000,0.518,0.287,0.152,0.000,0.044,0.000,0.000,0.065,리얼미터,충청투데이,유선/스마트폰앱혼합,전화면접,500,11.2,1.9,3
2016-03-28,2016-03-29,2016-03-29,대전,서구갑,대전서구갑,0.351,0.355,0.102,0.000,0.000,0.000,0.000,0.434,0.439,0.126,0.000,0.000,0.000,0.000,0.192,리얼미터,충청투데이,유선/스마트폰앱혼합,ARS,519,3.2,2.28,3
2016-03-29,2016-03-30,2016-03-31,대전,서구갑,대전서구갑,0.321,0.435,0.080,0.000,0.000,0.000,0.000,0.384,0.520,0.096,0.000,0.000,0.000,0.000,0.164,마크로밀엠브레인,YTN,유무선혼합RDD,전화면접,511,18.4,1.39,3
2016-04-03,2016-04-04,2016-04-04,대전,서구갑,대전서구갑,0.342,0.404,0.054,0.000,0.000,0.000,0.000,0.428,0.505,0.068,0.000,0.000,0.000,0.000,0.200,포커스컴퍼니,문화일보,유선RDD,전화면접,600,18.9,1.1,3
2016-04-04,2016-04-05,2016-04-06,대전,서구갑,대전서구갑,0.438,0.366,0.066,0.000,0.000,0.000,0.000,0.503,0.421,0.076,0.000,0.000,0.000,0.000,0.130,리얼미터,굿모닝충청,유선/스마트폰앱혼합,전화면접,515,12,1.1,2
2016-03-29,2016-03-29,2016-03-29,대전,서구을,대전서구을,0.300,0.356,0.061,0.024,0.000,0.000,0.000,0.405,0.480,0.082,0.032,0.000,0.000,0.000,0.259,밀워드브라운미디어리서치,조선일보,유선RDD,ARS,500,4.1,1.3,2
2016-04-02,2016-04-03,2016-04-03,대전,서구을,대전서구을,0.403,0.246,0.100,0.083,0.000,0.000,0.000,0.484,0.296,0.120,0.100,0.000,0.000,0.000,0.168,충청한길리서치,대전일보,유선/스마트폰앱혼합,ARS,523,3.4,1.5,3
2016-03-31,2016-03-31,2016-03-31,대전,서구을,대전서구을,0.324,0.347,0.093,0.029,0.000,0.000,0.000,0.409,0.438,0.117,0.037,0.000,0.000,0.000,0.207,마크로밀엠브레인,중앙일보,유무선혼합RDD,ARS,514,3.4,1.9,2
2016-04-01,2016-04-02,2016-04-02,대전,유성구갑,대전유성구갑,0.361,0.249,0.164,0.075,0.000,0.000,0.000,0.425,0.293,0.193,0.088,0.000,0.000,0.000,0.151,충청한길리서치,대전일보,유선/스마트폰앱혼합,전화면접,503,13.6,1.33,3
2016-04-01,2016-04-02,2016-04-02,대전,유성구을,대전유성구을,0.284,0.332,0.114,0.100,0.000,0.000,0.000,0.342,0.400,0.137,0.120,0.000,0.000,0.000,0.170,충청한길리서치,대전일보,유선/스마트폰앱혼합,전화면접,519,14.4,1.72,3
2016-04-03,2016-04-04,2016-04-05,대전,유성구을,대전유성구을,0.254,0.486,0.062,0.051,0.000,0.000,0.000,0.298,0.570,0.073,0.060,0.000,0.000,0.000,0.147,마크로밀엠브레인,YTN,유무선혼합RDD,ARS,800,2,2.46,2
2016-03-29,2016-03-30,2016-03-30,울산,남구갑,울산남구갑,0.362,0.230,0.000,0.000,0.296,0.000,0.000,0.408,0.259,0.000,0.000,0.333,0.000,0.000,0.112,폴리컴,"시사오늘,울산광역매일",유선RDD,전화면접,500,15.1,2.46,2
2016-03-29,2016-03-30,2016-03-30,울산,남구을,울산남구을,0.451,0.141,0.000,0.000,0.314,0.000,0.000,0.498,0.156,0.000,0.000,0.347,0.000,0.000,0.094,폴리컴,"시사오늘,울산광역매일",유선RDD,ARS,810,2,2,2
2016-03-29,2016-03-30,2016-03-30,울산,울주군,울산울주군,0.337,0.168,0.043,0.000,0.385,0.028,0.000,0.351,0.175,0.045,0.000,0.401,0.029,0.000,0.039,폴리컴,"시사오늘,울산광역매일",유선RDD,전화면접,500,14.1,2.36,3
2016-03-31,2016-04-01,2016-04-01,울산,울주군,울산울주군,0.274,0.183,0.026,0.000,0.302,0.005,0.000,0.347,0.232,0.033,0.000,0.382,0.006,0.000,0.210,마크로밀엠브레인,YTN,유무선혼합RDD,전화면접,507,13.1,2.42,3
2016-03-23,2016-03-23,2016-03-23,울산,울주군,울산울주군,0.338,0.120,0.039,0.000,0.411,0.000,0.000,0.372,0.132,0.043,0.000,0.453,0.000,0.000,0.092,한국사회여론연구소(KSOI),부산일보,유선RDD,전화면접,506,13.5,2.47,3
2016-03-31,2016-04-01,2016-04-01,울산,울주군,울산울주군,0.274,0.183,0.026,0.000,0.302,0.005,0.000,0.347,0.232,0.033,0.000,0.382,0.006,0.000,0.210,마크로밀엠브레인,YTN,유무선혼합RDD,ARS,752,3.1,2,2
2016-03-26,2016-03-27,2016-03-28,세종,세종특별자치시,세종세종특별자치시,0.354,0.141,0.056,0.000,0.269,0.000,0.000,0.432,0.172,0.068,0.000,0.328,0.000,0.000,0.180,코리아리서치센터,한국일보,유선RDD,ARS,790,2.8,1.9,2
2016-03-25,2016-03-26,2016-03-26,세종,세종특별자치시,세종세종특별자치시,0.327,0.073,0.049,0.000,0.288,0.000,0.000,0.444,0.099,0.066,0.000,0.391,0.000,0.000,0.263,리얼미터,MBN,유선RDD,전화면접,501,21.5,1.4,3
2016-03-30,2016-04-01,2016-04-02,세종,세종특별자치시,세종세종특별자치시,0.424,0.040,0.037,0.000,0.341,0.000,0.000,0.504,0.048,0.044,0.000,0.405,0.000,0.000,0.158,리얼미터,서울경제,유선RDD,전화면접,504,15.4,2.15,3
2016-04-01,2016-04-02,2016-04-02,세종,세종특별자치시,세종세종특별자치시,0.343,0.107,0.065,0.000,0.323,0.000,0.000,0.409,0.128,0.078,0.000,0.385,0.000,0.000,0.162,마크로밀엠브레인,YTN,유무선혼합RDD,전화면접,500,14.3,1.45,3
2016-03-31,2016-04-01,2016-04-01,세종,세종특별자치시,세종세종특별자치시,0.357,0.103,0.053,0.000,0.306,0.000,0.000,0.436,0.126,0.065,0.000,0.374,0.000,0.000,0.181,㈜리서치앤리서치,동아일보,유선RDD,전화면접,600,14.5,1.73,3
2016-04-02,2016-04-03,2016-04-03,세종,세종특별자치시,세종세종특별자치시,0.334,0.110,0.084,0.000,0.299,0.000,0.000,0.404,0.133,0.102,0.000,0.362,0.000,0.000,0.173,충청한길리서치,대전일보,유선/스마트폰앱혼합,전화면접,509,12.4,1.6,2
2016-04-03,2016-04-04,2016-04-04,세종,세종특별자치시,세종세종특별자치시,0.392,0.089,0.030,0.000,0.319,0.000,0.000,0.472,0.107,0.036,0.000,0.384,0.000,0.000,0.170,포커스컴퍼니,문화일보,유선RDD,전화면접/ARS,508,8.8,2.44,2
2016-03-30,2016-03-31,2016-03-31,세종,세종특별자치시,세종세종특별자치시,0.317,0.105,0.064,0.000,0.291,0.000,0.000,0.408,0.135,0.082,0.000,0.375,0.000,0.000,0.223,마크로밀엠브레인,중앙일보,유무선혼합RDD,전화면접,500,8.9,1.8,3
2016-04-02,2016-04-04,2016-04-05,세종,세종특별자치시,세종세종특별자치시,0.429,0.081,0.066,0.000,0.280,0.000,0.000,0.501,0.095,0.077,0.000,0.327,0.000,0.000,0.144,TNSKOREA,SBS,유선RDD,전화면접,500,9.1,2,2
2016-03-28,2016-03-29,2016-03-29,경기,수원시갑,경기수원시갑,0.413,0.331,0.103,0.000,0.000,0.000,0.000,0.488,0.391,0.122,0.000,0.000,0.000,0.000,0.153,리얼미터,경기신문,유선/스마트폰앱혼합,ARS,510,4.6,1.4,2
2016-03-25,2016-03-25,2016-03-25,경기,수원시갑,경기수원시갑,0.332,0.357,0.030,0.000,0.000,0.000,0.000,0.462,0.497,0.042,0.000,0.000,0.000,0.000,0.281,코리아리서치센터,한국일보,유선RDD,전화면접,504,11.8,1.7,3
2016-03-18,2016-03-19,2016-03-19,경기,수원시갑,경기수원시갑,0.386,0.377,0.108,0.000,0.000,0.000,0.000,0.443,0.433,0.124,0.000,0.000,0.000,0.000,0.129,리얼미터,중부일보,유선/스마트폰앱혼합,전화면접,549,12.9,2.26,2
2016-03-31,2016-04-01,2016-04-01,경기,수원시갑,경기수원시갑,0.340,0.397,0.056,0.000,0.000,0.000,0.000,0.429,0.501,0.071,0.000,0.000,0.000,0.000,0.207,㈜리서치앤리서치,동아일보,유선RDD,전화면접,504,14.6,2.38,3
2016-04-01,2016-04-02,2016-04-02,경기,수원시갑,경기수원시갑,0.399,0.336,0.113,0.000,0.000,0.000,0.000,0.471,0.396,0.133,0.000,0.000,0.000,0.000,0.152,리얼미터,중부일보,유선/스마트폰앱혼합,전화면접,500,14.6,1.97,3
2016-03-16,2016-03-17,2016-03-17,경기,수원시갑,경기수원시갑,0.299,0.281,0.030,0.000,0.000,0.000,0.000,0.490,0.461,0.049,0.000,0.000,0.000,0.000,0.390,한국CNR/케이엠조사연구소,경인일보,유무선혼합RDD,전화면접,500,10.7,1.98,3
2016-04-02,2016-04-03,2016-04-04,경기,수원시갑,경기수원시갑,0.320,0.389,0.103,0.000,0.000,0.000,0.000,0.394,0.479,0.127,0.000,0.000,0.000,0.000,0.188,마크로밀엠브레인,YTN,유무선혼합RDD,ARS,504,3.3,1.92,4
2016-03-27,2016-03-29,2016-03-30,경기,수원시을,경기수원시을,0.317,0.318,0.120,0.000,0.000,0.000,0.000,0.420,0.421,0.159,0.000,0.000,0.000,0.000,0.245,리얼미터,경기신문,유선/스마트폰앱혼합,ARS,512,3.9,1.51,4
2016-03-11,2016-03-12,2016-03-12,경기,수원시을,경기수원시을,0.319,0.370,0.131,0.000,0.000,0.000,0.000,0.389,0.451,0.160,0.000,0.000,0.000,0.000,0.180,리얼미터,중부일보,유선/스마트폰앱혼합,전화면접,500,9.1,1.9,3
2016-04-03,2016-04-04,2016-04-04,경기,수원시을,경기수원시을,0.284,0.354,0.085,0.000,0.000,0.000,0.000,0.393,0.490,0.118,0.000,0.000,0.000,0.000,0.277,㈜한국리서치,한겨레신문,유무선혼합RDD,전화면접,529,9.3,1.18,4
2016-04-02,2016-04-03,2016-04-03,경기,수원시을,경기수원시을,0.265,0.236,0.084,0.000,0.000,0.000,0.000,0.453,0.403,0.144,0.000,0.000,0.000,0.000,0.415,마크로밀엠브레인,김상민,유선RDD,ARS,504,3.2,1.53,4
2016-04-02,2016-04-03,2016-04-03,경기,수원시을,경기수원시을,0.319,0.375,0.131,0.024,0.000,0.000,0.000,0.376,0.442,0.154,0.028,0.000,0.000,0.000,0.151,리얼미터,중부일보,유선/스마트폰앱혼합,전화면접,506,13.6,1.78,3
2016-03-28,2016-03-29,2016-03-30,경기,수원시병,경기수원시병,0.403,0.318,0.000,0.000,0.000,0.000,0.000,0.559,0.441,0.000,0.000,0.000,0.000,0.000,0.279,리얼미터,경기신문,유선/스마트폰앱혼합,전화면접,600,10.5,2.11,3
2016-03-28,2016-03-29,2016-03-30,경기,수원시정,경기수원시정,0.288,0.268,0.104,0.118,0.000,0.000,0.000,0.370,0.344,0.134,0.152,0.000,0.000,0.000,0.222,리얼미터,경기신문,유선/스마트폰앱혼합,ARS,502,2.2,2.14,2
2016-03-12,2016-03-13,2016-03-13,경기,수원시정,경기수원시정,0.267,0.291,0.050,0.075,0.000,0.000,0.000,0.391,0.426,0.073,0.110,0.000,0.000,0.000,0.317,한국CNR,경인일보,유선RDD,ARS,509,2.3,1.71,3
2016-03-12,2016-03-13,2016-03-13,경기,수원시정,경기수원시정,0.267,0.291,0.050,0.075,0.000,0.000,0.000,0.391,0.426,0.073,0.110,0.000,0.000,0.000,0.317,한국CNR/케이엠조사연구소,경인일보,유선RDD,전화면접,501,8.4,1.88,3
2016-04-01,2016-04-02,2016-04-03,경기,수원시정,경기수원시정,0.304,0.319,0.149,0.104,0.000,0.000,0.000,0.347,0.364,0.170,0.119,0.000,0.000,0.000,0.124,리얼미터,정당·후보자:정태근후보,유선/스마트폰앱혼합,ARS,501,2.2,1.65,4
2016-04-03,2016-04-04,2016-04-04,경기,수원시정,경기수원시정,0.280,0.323,0.091,0.088,0.000,0.000,0.000,0.358,0.413,0.116,0.113,0.000,0.000,0.000,0.218,(주)한국리서치,"더불어민주당경기도당
",유무선혼합RDD,전화면접,500,9.2,2.15,3
2016-04-02,2016-04-03,2016-04-04,경기,수원시정,경기수원시정,0.277,0.346,0.080,0.080,0.000,0.000,0.000,0.354,0.442,0.102,0.102,0.000,0.000,0.000,0.217,마크로밀엠브레인,YTN,유무선혼합RDD,ARS,516,2,2,3
2016-03-27,2016-03-28,2016-03-28,경기,수원시무,경기수원시무,0.337,0.355,0.078,0.000,0.000,0.000,0.000,0.438,0.461,0.101,0.000,0.000,0.000,0.000,0.230,한길리서치센터,"경기일보,기호일보",유선/스마트폰앱혼합,ARS,501,1.9,1.81,4
2016-03-24,2016-03-25,2016-03-25,경기,수원시무,경기수원시무,0.276,0.314,0.078,0.000,0.000,0.000,0.000,0.413,0.470,0.117,0.000,0.000,0.000,0.000,0.332,(주)리서치앤리서치,동아일보,유선RDD,전화면접,600,8.8,1.78,3
2016-03-31,2016-04-01,2016-04-02,경기,수원시무,경기수원시무,0.384,0.332,0.074,0.000,0.000,0.000,0.000,0.486,0.420,0.094,0.000,0.000,0.000,0.000,0.210,리얼미터,서울경제,유선RDD,전화면접,519,8.6,2.31,3
2016-04-02,2016-04-03,2016-04-03,경기,수원시무,경기수원시무,0.383,0.337,0.126,0.000,0.000,0.000,0.000,0.453,0.398,0.149,0.000,0.000,0.000,0.000,0.154,리얼미터,중부일보,유선/스마트폰앱혼합,ARS,502,1.9,1.7,2
2016-03-30,2016-03-31,2016-04-01,경기,수원시무,경기수원시무,0.330,0.397,0.062,0.000,0.000,0.000,0.000,0.418,0.503,0.079,0.000,0.000,0.000,0.000,0.211,마크로밀엠브레인,중앙일보,유무선혼합RDD,전화면접,505,11.4,1.61,3
2016-04-03,2016-04-04,2016-04-04,경기,수원시무,경기수원시무,0.304,0.333,0.052,0.000,0.000,0.000,0.000,0.441,0.483,0.075,0.000,0.000,0.000,0.000,0.311,한국CNR,경인일보,유선/인터넷혼합,전화면접,600,6.5,1.56,3
2016-04-03,2016-04-04,2016-04-04,경기,수원시무,경기수원시무,0.304,0.333,0.052,0.000,0.000,0.000,0.000,0.441,0.483,0.075,0.000,0.000,0.000,0.000,0.311,한국CNR,경인일보,유선/인터넷혼합,ARS,513,2,1.76,3
2016-04-02,2016-04-03,2016-04-03,경기,수원시무,경기수원시무,0.295,0.459,0.080,0.000,0.000,0.000,0.000,0.354,0.550,0.096,0.000,0.000,0.000,0.000,0.166,마크로밀엠브레인,YTN,유무선혼합RDD,전화면접/ARS,510,4.5,2.32,3
2016-04-01,2016-04-02,2016-04-03,경기,수원시무,경기수원시무,0.350,0.410,0.000,0.000,0.000,0.000,0.000,0.461,0.539,0.000,0.000,0.000,0.000,0.000,0.240,㈜포커스컴퍼니,문화일보,유선RDD,전화면접,500,6.7,1.9,3
2016-04-03,2016-04-04,2016-04-05,경기,성남시수정구,경기성남시수정구,0.244,0.425,0.124,0.019,0.000,0.000,0.000,0.300,0.523,0.153,0.023,0.000,0.000,0.000,0.188,마크로밀엠브레인,YTN,유무선혼합RDD,전화면접,500,5.6,1.39,3
2016-03-19,2016-03-20,2016-03-20,경기,성남시중원구,경기성남시중원구,0.377,0.294,0.144,0.000,0.000,0.000,0.000,0.463,0.361,0.177,0.000,0.000,0.000,0.000,0.185,리얼미터,중부일보,유선/스마트폰앱혼합,전화면접,510,21,1.47,3
2016-03-27,2016-03-28,2016-03-28,경기,성남시중원구,경기성남시중원구,0.388,0.270,0.088,0.000,0.000,0.000,0.000,0.520,0.362,0.118,0.000,0.000,0.000,0.000,0.254,마크로밀엠브레인,중앙일보,유무선혼합RDD,전화면접,500,8.9,2.12,3
2016-04-02,2016-04-03,2016-04-03,경기,성남시중원구,경기성남시중원구,0.364,0.326,0.152,0.000,0.000,0.000,0.000,0.432,0.387,0.181,0.000,0.000,0.000,0.000,0.158,리얼미터,경기신문,유선/스마트폰앱혼합,전화면접,507,11.7,1.61,3
2016-03-25,2016-03-25,2016-03-25,경기,성남시분당구갑,경기성남시분당구갑,0.386,0.275,0.086,0.000,0.000,0.000,0.000,0.517,0.368,0.115,0.000,0.000,0.000,0.000,0.253,코리아리서치센터,한국일보,유선RDD,전화면접,503,13.7,1.3,4
2016-03-31,2016-04-01,2016-04-02,경기,성남시분당구갑,경기성남시분당구갑,0.420,0.278,0.095,0.000,0.000,0.000,0.000,0.530,0.351,0.120,0.000,0.000,0.000,0.000,0.207,리얼미터,서울경제,유선RDD,전화면접,600,20.1,1.04,3
2016-03-31,2016-04-01,2016-04-02,경기,성남시분당구갑,경기성남시분당구갑,0.323,0.283,0.095,0.000,0.000,0.000,0.000,0.461,0.404,0.136,0.000,0.000,0.000,0.000,0.299,한길리서치센타,"경기일보,기호일보",유선/스마트폰앱혼합,ARS,504,2.8,1.54,4
2016-04-03,2016-04-04,2016-04-05,경기,성남시분당구갑,경기성남시분당구갑,0.397,0.323,0.096,0.000,0.000,0.000,0.000,0.487,0.396,0.118,0.000,0.000,0.000,0.000,0.184,㈜한국리서치,한겨레신문,유선RDD,ARS,515,2.2,1.81,4
2016-04-01,2016-04-02,2016-04-02,경기,성남시분당구을,경기성남시분당구을,0.334,0.220,0.074,0.000,0.228,0.000,0.000,0.390,0.257,0.086,0.000,0.266,0.000,0.000,0.144,리얼미터,서울경제,유선RDD,전화면접,500,10,1.73,3
2016-03-23,2016-03-23,2016-03-23,경기,성남시분당구을,경기성남시분당구을,0.227,0.187,0.037,0.000,0.159,0.000,0.000,0.372,0.307,0.061,0.000,0.261,0.000,0.000,0.390,한국CNR,경인일보,유무선혼합RDD,전화면접,500,9.1,1.98,2
2016-03-23,2016-03-23,2016-03-23,경기,성남시분당구을,경기성남시분당구을,0.317,0.232,0.000,0.000,0.212,0.000,0.000,0.417,0.305,0.000,0.000,0.279,0.000,0.000,0.239,마크로밀엠브레인,중앙일보,유무선혼합RDD,전화면접/ARS,507,4.8,2.27,3
2016-03-19,2016-03-20,2016-03-20,경기,성남시분당구을,경기성남시분당구을,0.318,0.222,0.000,0.000,0.156,0.000,0.000,0.457,0.319,0.000,0.000,0.224,0.000,0.000,0.304,(주)리서치앤리서치,동아일보,유선RDD,전화면접,500,13.1,2.34,3
2016-03-29,2016-03-29,2016-03-29,경기,의정부시갑,경기의정부시갑,0.285,0.339,0.081,0.000,0.000,0.000,0.000,0.404,0.481,0.115,0.000,0.000,0.000,0.000,0.295,밀워드브라운미디어리서치,조선일보,유선RDD,전화면접,600,9.9,1.56,3
2016-03-27,2016-03-28,2016-03-28,경기,의정부시갑,경기의정부시갑,0.320,0.289,0.167,0.000,0.000,0.000,0.000,0.412,0.372,0.215,0.000,0.000,0.000,0.000,0.224,리얼미터,경기신문,유선/스마트폰앱혼합,전화면접/ARS,503,4.8,2.46,2
2016-03-25,2016-03-26,2016-03-26,경기,의정부시갑,경기의정부시갑,0.374,0.248,0.153,0.000,0.000,0.000,0.000,0.483,0.320,0.197,0.000,0.000,0.000,0.000,0.225,리얼미터,중부일보,유선/스마트폰앱혼합,전화면접,509,7.7,2.1,3
2016-04-05,2016-04-06,2016-04-06,경기,의정부시갑,경기의정부시갑,0.314,0.415,0.133,0.000,0.000,0.000,0.000,0.364,0.481,0.154,0.000,0.000,0.000,0.000,0.138,마크로밀엠브레인,YTN,유무선혼합RDD,전화면접,521,16.9,1.43,3
2016-03-29,2016-03-30,2016-03-31,경기,의정부시을,경기의정부시을,0.402,0.236,0.079,0.000,0.000,0.000,0.000,0.561,0.329,0.110,0.000,0.000,0.000,0.000,0.283,마크로밀엠브레인,YTN,유무선혼합RDD,ARS,510,3,2.17,4
2016-03-28,2016-03-28,2016-03-28,경기,의정부시을,경기의정부시을,0.314,0.179,0.084,0.000,0.000,0.000,0.000,0.544,0.310,0.146,0.000,0.000,0.000,0.000,0.423,한국CNR,경인일보,유무선혼합RDD,전화면접,526,9.2,1.1,2
2016-03-28,2016-03-29,2016-03-29,경기,의정부시을,경기의정부시을,0.411,0.223,0.144,0.000,0.000,0.000,0.000,0.528,0.287,0.185,0.000,0.000,0.000,0.000,0.222,리얼미터,중부일보,유선/스마트폰앱혼합,ARS,504,2.7,1.65,3
2016-03-29,2016-03-30,2016-03-30,경기,의정부시을,경기의정부시을,0.332,0.189,0.076,0.000,0.000,0.000,0.000,0.556,0.317,0.127,0.000,0.000,0.000,0.000,0.403,한길리서치센타,"경기일보,기호일보",유무선혼합RDD,전화면접,511,14.8,1.43,3
2016-03-29,2016-03-30,2016-03-31,경기,안양시만안구,경기안양시만안구,0.320,0.323,0.118,0.000,0.000,0.000,0.000,0.420,0.424,0.155,0.000,0.000,0.000,0.000,0.239,마크로밀엠브레인,YTN,유무선혼합RDD,ARS,502,2.4,1.97,4
2016-03-19,2016-03-20,2016-03-20,경기,안양시만안구,경기안양시만안구,0.417,0.328,0.255,0.000,0.000,0.000,0.000,0.417,0.328,0.255,0.000,0.000,0.000,0.000,0.000,리얼미터,중부일보,유선/스마트폰앱혼합,전화면접,512,9.6,1.43,3
2016-03-28,2016-03-29,2016-03-29,경기,안양시동안구갑,경기안양시동안구갑,0.229,0.345,0.060,0.000,0.000,0.000,0.000,0.361,0.544,0.095,0.000,0.000,0.000,0.000,0.366,한길리서치센타,"경기일보,기호일보",유선/스마트폰앱혼합,전화면접,500,14.6,1.58,3
2016-03-22,2016-03-22,2016-03-22,경기,안양시동안구갑,경기안양시동안구갑,0.201,0.339,0.057,0.000,0.000,0.000,0.000,0.337,0.568,0.095,0.000,0.000,0.000,0.000,0.403,한국CNR/케이엠조사연구소,경인일보,유무선혼합RDD,전화면접,510,16,1.23,4
2016-04-01,2016-04-03,2016-04-04,경기,안양시동안구갑,경기안양시동안구갑,0.427,0.358,0.129,0.000,0.000,0.000,0.000,0.467,0.392,0.141,0.000,0.000,0.000,0.000,0.086,윈폴,경기남부신문,유선RDD,ARS,509,5,1.4,4
2016-04-01,2016-04-02,2016-04-03,경기,부천시원미구을,경기부천시원미구을,0.343,0.305,0.138,0.000,0.000,0.000,0.000,0.436,0.388,0.176,0.000,0.000,0.000,0.000,0.214,리얼미터,경기신문,유선/스마트폰앱혼합,ARS,510,4.4,2.18,4
2016-03-18,2016-03-19,2016-03-19,경기,부천시소사구,경기부천시소사구,0.254,0.318,0.060,0.013,0.000,0.000,0.000,0.394,0.493,0.093,0.020,0.000,0.000,0.000,0.355,한국CNR/케이엠조사연구소,경인일보,유무선혼합RDD,전화면접,509,16.6,1.44,3
2016-04-02,2016-04-04,2016-04-05,경기,부천시소사구,경기부천시소사구,0.374,0.251,0.147,0.062,0.000,0.000,0.000,0.448,0.301,0.176,0.074,0.000,0.000,0.000,0.166,리얼미터,경기신문,유선/스마트폰앱혼합,전화면접,517,19.2,1.35,2
2016-04-01,2016-04-02,2016-04-02,경기,부천시소사구,경기부천시소사구,0.258,0.242,0.078,0.018,0.000,0.000,0.000,0.433,0.406,0.131,0.030,0.000,0.000,0.000,0.404,주식회사한길리서치센타,경기일보기호일보,유선/스마트폰앱혼합,전화면접,500,11.6,1.74,3
2016-03-25,2016-03-25,2016-03-25,경기,부천시오정구,경기부천시오정구,0.337,0.295,0.209,0.023,0.000,0.000,0.000,0.390,0.341,0.242,0.027,0.000,0.000,0.000,0.136,리얼미터,안병도후보,유선/스마트폰앱혼합,ARS,500,1,2.4,3
2016-03-14,2016-03-15,2016-03-15,경기,광명시을,경기광명시을,0.396,0.342,0.000,0.058,0.000,0.000,0.000,0.497,0.430,0.000,0.073,0.000,0.000,0.000,0.204,리얼미터,중부일보,유선/스마트폰앱혼합,ARS,503,3.3,1.8,4
2016-03-11,2016-03-12,2016-03-12,경기,평택시갑,경기평택시갑,0.482,0.165,0.125,0.045,0.000,0.000,0.000,0.590,0.202,0.153,0.055,0.000,0.000,0.000,0.183,리얼미터,중부일보,유선/스마트폰앱혼합,전화면접,519,23.6,1.34,3
2016-04-02,2016-04-03,2016-04-04,경기,평택시갑,경기평택시갑,0.539,0.219,0.140,0.026,0.000,0.000,0.000,0.583,0.237,0.152,0.028,0.000,0.000,0.000,0.076,모노커뮤니케이션즈(모노리서치),"평택시민신문,평택신문,평택자치신문,평택시사신문,평택저널  ",유선RDD,전화면접,500,18.6,1.91,3
2016-04-02,2016-04-03,2016-04-04,경기,평택시갑,경기평택시갑,0.539,0.219,0.140,0.026,0.000,0.000,0.000,0.583,0.237,0.152,0.028,0.000,0.000,0.000,0.076,모노커뮤니케이션즈(모노리서치),"평택시민신문,평택신문,평택시사신문,평택저널",유선/스마트폰앱혼합,ARS,500,3.1,2.04,3
2016-03-25,2016-03-26,2016-03-27,경기,평택시을,경기평택시을,0.388,0.334,0.133,0.037,0.000,0.000,0.000,0.435,0.374,0.149,0.041,0.000,0.000,0.000,0.108,모노커뮤니케이션즈(모노리서치),"평택시민신문,평택신문,평택자치신문,평택시사신문,평택저널",유선RDD,ARS,515,3.5,2.13,4
2016-04-01,2016-04-02,2016-04-02,경기,평택시을,경기평택시을,0.319,0.249,0.109,0.000,0.000,0.000,0.000,0.471,0.368,0.161,0.000,0.000,0.000,0.000,0.323,밀워드브라운미디어리서치,조선일보,유선RDD,ARS,515,2.3,2.03,4
2016-04-02,2016-04-03,2016-04-04,경기,평택시을,경기평택시을,0.431,0.271,0.138,0.000,0.000,0.000,0.000,0.513,0.323,0.164,0.000,0.000,0.000,0.000,0.160,모노커뮤니케이션즈(모노리서치),"평택시민신문,평택신문,평택시사신문,평택저널  ",유선/스마트폰앱혼합,ARS,700,2.7,2.35,2
2016-04-02,2016-04-03,2016-04-04,경기,평택시을,경기평택시을,0.431,0.271,0.138,0.022,0.000,0.000,0.000,0.500,0.314,0.160,0.026,0.000,0.000,0.000,0.138,모노커뮤니케이션즈(모노리서치),"평택시민신문,평택신문,평택시사신문,평택저널",유선/스마트폰앱혼합,ARS,516,2.1,1.7,4
2016-03-25,2016-03-26,2016-03-27,경기,동두천시연천군,경기동두천시연천군,0.528,0.134,0.075,0.000,0.000,0.000,0.000,0.716,0.182,0.102,0.000,0.000,0.000,0.000,0.263,리얼미터,경기신문,유선/스마트폰앱혼합,ARS,508,2.1,2.11,2
2016-04-02,2016-04-03,2016-04-03,경기,안산시상록구갑,경기안산시상록구갑,0.332,0.252,0.178,0.000,0.063,0.000,0.000,0.402,0.305,0.216,0.000,0.076,0.000,0.000,0.175,리얼미터,경기신문,유선/스마트폰앱혼합,ARS,1000,2.5,2.41,2
2016-03-17,2016-03-18,2016-03-19,경기,안산시상록구을,경기안산시상록구을,0.263,0.188,0.145,0.000,0.000,0.000,0.000,0.441,0.315,0.243,0.000,0.000,0.000,0.000,0.404,한국CNR/케이엠조사연구소,경인일보,유무선혼합RDD,ARS,1037,4.3,1.78,2
2016-03-30,2016-03-31,2016-03-31,경기,안산시상록구을,경기안산시상록구을,0.331,0.306,0.211,0.000,0.000,0.000,0.000,0.390,0.361,0.249,0.000,0.000,0.000,0.000,0.152,ABC미디어리서치,안산저널,유선/스마트폰앱혼합,전화면접,530,12.3,1.5,3
2016-03-11,2016-03-12,2016-03-12,경기,안산시단원구갑,경기안산시단원구갑,0.406,0.313,0.099,0.000,0.000,0.000,0.000,0.496,0.383,0.121,0.000,0.000,0.000,0.000,0.182,리얼미터,중부일보,유선/스마트폰앱혼합,ARS,514,3.7,2.34,4
2016-04-03,2016-04-04,2016-04-04,경기,안산시단원구을,경기안산시단원구을,0.345,0.197,0.220,0.047,0.000,0.000,0.000,0.426,0.244,0.272,0.058,0.000,0.000,0.000,0.191,㈜한국리서치,한겨레신문,유선RDD,ARS,515,2.3,1.48,4
2016-04-01,2016-04-02,2016-04-02,경기,고양시갑,경기고양시갑,0.235,0.076,0.000,0.303,0.000,0.000,0.000,0.383,0.124,0.000,0.493,0.000,0.000,0.000,0.386,한국씨앤알,경인일보,유선/인터넷혼합,ARS,947,1.1,2.12,3
2016-04-01,2016-04-02,2016-04-02,경기,고양시갑,경기고양시갑,0.277,0.079,0.000,0.433,0.000,0.000,0.000,0.351,0.100,0.000,0.549,0.000,0.000,0.000,0.211,리서치앤리서치,MBC,유선RDD,전화면접,510,12.4,1.36,3
2016-04-01,2016-04-02,2016-04-03,경기,고양시갑,경기고양시갑,0.359,0.097,0.000,0.353,0.000,0.000,0.000,0.444,0.120,0.000,0.436,0.000,0.000,0.000,0.191,리얼미터,"CBS,국민일보",유선/스마트폰앱혼합,ARS,503,2.4,1.71,3
2016-04-01,2016-04-03,2016-04-02,경기,고양시갑,경기고양시갑,0.396,0.061,0.000,0.415,0.000,0.000,0.000,0.454,0.070,0.000,0.476,0.000,0.000,0.000,0.128,㈜포커스컴퍼니,문화일보,유선RDD,전화면접,500,9.8,1.91,3
2016-04-05,2016-04-06,2016-04-06,경기,고양시갑,경기고양시갑,0.343,0.087,0.000,0.437,0.000,0.000,0.000,0.396,0.100,0.000,0.504,0.000,0.000,0.000,0.133,마크로밀엠브레인,YTN,유무선혼합RDD,전화면접,506,10.7,1.66,3
2016-04-02,2016-04-04,2016-04-05,경기,고양시갑,경기고양시갑,0.422,0.095,0.000,0.364,0.000,0.000,0.000,0.479,0.108,0.000,0.413,0.000,0.000,0.000,0.119,TNSKOREA,SBS,유선RDD,전화면접,500,9,1.98,3
2016-04-01,2016-04-02,2016-04-02,경기,고양시을,경기고양시을,0.379,0.314,0.087,0.000,0.000,0.000,0.000,0.486,0.403,0.112,0.000,0.000,0.000,0.000,0.220,마크로밀엠브레인,YTN,유무선혼합RDD,전화면접,506,31.8,1.32,5
2016-03-31,2016-04-01,2016-04-02,경기,고양시병,경기고양시병,0.228,0.305,0.060,0.000,0.000,0.000,0.000,0.384,0.514,0.101,0.000,0.000,0.000,0.000,0.407,한길리서치센타,기호일보,유선/스마트폰앱혼합,ARS,512,2.3,2.05,4
2016-03-24,2016-03-24,2016-03-24,경기,고양시정,경기고양시정,0.215,0.311,0.038,0.000,0.000,0.000,0.000,0.381,0.551,0.067,0.000,0.000,0.000,0.000,0.436,한국CNR,경인일보,유무선혼합RDD,전화면접,505,14.1,1.5,3
2016-03-22,2016-03-23,2016-03-23,경기,고양시정,경기고양시정,0.301,0.387,0.091,0.000,0.000,0.000,0.000,0.386,0.497,0.117,0.000,0.000,0.000,0.000,0.221,(주)밀워드브라운미디어리서치,조선일보,유선RDD,전화면접,508,6.5,2.38,3
2016-04-05,2016-04-06,2016-04-06,경기,고양시정,경기고양시정,0.351,0.396,0.130,0.000,0.000,0.000,0.000,0.400,0.452,0.148,0.000,0.000,0.000,0.000,0.123,마크로밀엠브레인,YTN,유무선혼합RDD,전화면접,500,8.3,1.82,3
2016-04-05,2016-04-06,2016-04-06,경기,의왕시과천시,경기의왕시과천시,0.345,0.339,0.072,0.048,0.000,0.000,0.000,0.429,0.422,0.090,0.060,0.000,0.000,0.000,0.196,마크로밀엠브레인,YTN,유무선혼합RDD,ARS,505,3.7,2.38,4
2016-03-28,2016-03-29,2016-03-29,경기,구리시,경기구리시,0.369,0.372,0.122,0.000,0.000,0.000,0.000,0.428,0.431,0.141,0.000,0.000,0.000,0.000,0.137,경기동부신문,경기동부신문,유선RDD,전화면접,504,13,1.44,3
2016-03-27,2016-03-28,2016-03-28,경기,구리시,경기구리시,0.343,0.409,0.083,0.000,0.000,0.000,0.000,0.411,0.490,0.099,0.000,0.000,0.000,0.000,0.165,리얼미터,경기신문,유선/스마트폰앱혼합,전화면접,500,15.1,1.66,3
2016-04-03,2016-04-04,2016-04-05,경기,구리시,경기구리시,0.323,0.396,0.091,0.000,0.000,0.000,0.000,0.399,0.489,0.112,0.000,0.000,0.000,0.000,0.190,마크로밀엠브레인,YTN,유무선혼합RDD,전화면접,511,10,1.3,3
2016-03-27,2016-03-28,2016-03-28,경기,남양주시갑,경기남양주시갑,0.461,0.230,0.100,0.000,0.022,0.000,0.000,0.567,0.283,0.123,0.000,0.027,0.000,0.000,0.187,리얼미터,중부일보,유선/스마트폰앱혼합,전화면접,507,24.9,1.57,3
2016-03-25,2016-03-25,2016-03-25,경기,남양주시갑,경기남양주시갑,0.448,0.231,0.063,0.000,0.014,0.000,0.000,0.593,0.306,0.083,0.000,0.019,0.000,0.000,0.244,코리아리서치센터,한국일보,유선RDD,전화면접,504,13.4,1.35,4
2016-03-31,2016-04-01,2016-04-01,경기,남양주시갑,경기남양주시갑,0.530,0.262,0.114,0.000,0.019,0.000,0.000,0.573,0.283,0.123,0.000,0.021,0.000,0.000,0.075,경기동부신문,경기동부신문,유선RDD,전화면접,519,21.9,1.3,2
2016-04-01,2016-04-02,2016-04-02,경기,남양주시갑,경기남양주시갑,0.405,0.266,0.135,0.000,0.020,0.000,0.000,0.490,0.322,0.163,0.000,0.024,0.000,0.000,0.174,리얼미터,"CBS,국민일보",유선/스마트폰앱혼합,ARS,506,2.6,1.76,4
2016-03-30,2016-03-31,2016-04-01,경기,남양주시갑,경기남양주시갑,0.309,0.219,0.097,0.000,0.036,0.000,0.000,0.467,0.331,0.147,0.000,0.054,0.000,0.000,0.339,주식회사한길리서치센타,경기일보기호일보,유선/스마트폰앱혼합,ARS,518,1.3,2.38,3
2016-03-29,2016-03-29,2016-03-29,경기,남양주시을,경기남양주시을,0.215,0.210,0.066,0.011,0.000,0.000,0.000,0.428,0.418,0.131,0.022,0.000,0.000,0.000,0.498,한국CNR,경인일보,유무선혼합RDD,전화면접,501,16.4,1.35,4
2016-03-29,2016-03-30,2016-03-31,경기,남양주시을,경기남양주시을,0.423,0.238,0.158,0.039,0.000,0.000,0.000,0.493,0.277,0.184,0.045,0.000,0.000,0.000,0.142,경기동부신문,경기동부신문,유선RDD,전화면접,500,13.9,1.78,3
2016-04-01,2016-04-02,2016-04-02,경기,남양주시병,경기남양주시병,0.366,0.243,0.077,0.000,0.000,0.000,0.000,0.534,0.354,0.112,0.000,0.000,0.000,0.000,0.314,밀워드브라운미디어리서치,조선일보,유선RDD,ARS,506,2.7,1.86,4
2016-04-01,2016-04-02,2016-04-03,경기,남양주시병,경기남양주시병,0.528,0.265,0.102,0.000,0.000,0.000,0.000,0.590,0.296,0.114,0.000,0.000,0.000,0.000,0.105,경기동부신문,경기동부신문,유선RDD,전화면접,500,18.4,1.94,3
2016-03-31,2016-04-01,2016-04-01,경기,오산시,경기오산시,0.191,0.550,0.016,0.000,0.000,0.000,0.000,0.252,0.727,0.021,0.000,0.000,0.000,0.000,0.243,마크로밀엠브레인,YTN,유무선혼합RDD,ARS,500,1.7,2.49,3
2016-03-25,2016-03-26,2016-03-27,경기,오산시,경기오산시,0.374,0.299,0.092,0.000,0.000,0.000,0.000,0.489,0.391,0.120,0.000,0.000,0.000,0.000,0.235,리얼미터,중부일보,유선/스마트폰앱혼합,ARS,505,3.7,2.32,4
2016-03-31,2016-04-01,2016-04-01,경기,오산시,경기오산시,0.268,0.464,0.070,0.000,0.000,0.000,0.000,0.334,0.579,0.087,0.000,0.000,0.000,0.000,0.198,마크로밀엠브레인,YTN,유무선혼합RDD,전화면접,512,25.6,1.54,3
2016-03-28,2016-03-29,2016-03-29,경기,시흥시갑,경기시흥시갑,0.307,0.250,0.050,0.000,0.017,0.009,0.000,0.485,0.395,0.079,0.000,0.027,0.014,0.000,0.367,한길리서치센타,"경기일보,기호일보 ",유선/스마트폰앱혼합,ARS,557,0.9,2.45,2
2016-04-01,2016-04-02,2016-04-02,경기,시흥시갑,경기시흥시갑,0.392,0.303,0.074,0.000,0.019,0.009,0.000,0.492,0.380,0.093,0.000,0.024,0.011,0.000,0.203,마크로밀엠브레인,YTN,유무선혼합RDD,전화면접,512,14.4,1.4,2
2016-03-31,2016-04-01,2016-04-01,경기,시흥시갑,경기시흥시갑,0.382,0.351,0.082,0.000,0.044,0.029,0.000,0.430,0.395,0.092,0.000,0.050,0.033,0.000,0.112,리얼미터,경기신문,유선/스마트폰앱혼합,ARS,521,1.4,1.8,2
2016-04-03,2016-04-04,2016-04-05,경기,군포시갑,경기군포시갑,0.328,0.251,0.139,0.030,0.000,0.000,0.000,0.439,0.336,0.186,0.040,0.000,0.000,0.000,0.252,마크로밀엠브레인,YTN,유무선혼합RDD,ARS,506,0.8,2.5,2
2016-03-25,2016-03-26,2016-03-27,경기,군포시을,경기군포시을,0.330,0.362,0.129,0.000,0.000,0.000,0.000,0.402,0.441,0.157,0.000,0.000,0.000,0.000,0.179,리얼미터,경기신문,유선/스마트폰앱혼합,ARS,824,2.2,2.43,3
2016-03-25,2016-03-25,2016-03-25,경기,군포시을,경기군포시을,0.283,0.332,0.104,0.000,0.000,0.000,0.000,0.394,0.462,0.145,0.000,0.000,0.000,0.000,0.281,밀워드브라운미디어리서치,조선일보,유선RDD,ARS,503,2.9,1.99,3
2016-04-03,2016-04-04,2016-04-05,경기,군포시을,경기군포시을,0.304,0.396,0.140,0.000,0.000,0.000,0.000,0.362,0.471,0.167,0.000,0.000,0.000,0.000,0.160,마크로밀엠브레인,YTN,유무선혼합RDD,전화면접,505,11.9,1.56,4
2016-03-19,2016-03-20,2016-03-20,경기,하남시,경기하남시,0.522,0.194,0.091,0.000,0.000,0.000,0.000,0.647,0.240,0.113,0.000,0.000,0.000,0.000,0.193,리얼미터,중부일보,유선/스마트폰앱혼합,전화면접,507,11,2.08,3
2016-03-21,2016-03-22,2016-03-22,경기,하남시,경기하남시,0.354,0.156,0.035,0.000,0.000,0.000,0.000,0.650,0.286,0.064,0.000,0.000,0.000,0.000,0.455,한국CNR/케이엠조사연구소,경인일보,유무선혼합RDD,전화면접,500,15.1,1.36,3
2016-03-26,2016-03-27,2016-03-28,경기,용인시정,경기용인시정,0.294,0.369,0.077,0.000,0.000,0.000,0.000,0.397,0.499,0.104,0.000,0.000,0.000,0.000,0.260,코리아리서치센터,한국일보,유선RDD,ARS,503,3,1.93,3
2016-03-25,2016-03-26,2016-03-26,경기,용인시정,경기용인시정,0.390,0.328,0.109,0.000,0.000,0.000,0.000,0.472,0.397,0.132,0.000,0.000,0.000,0.000,0.173,리얼미터,경기신문,유선/스마트폰앱혼합,전화면접,503,11.6,1.41,4
2016-03-30,2016-04-01,2016-04-02,경기,용인시정,경기용인시정,0.377,0.320,0.134,0.000,0.000,0.000,0.000,0.454,0.385,0.161,0.000,0.000,0.000,0.000,0.169,리얼미터,서울경제,유선RDD,전화면접,506,8.8,1.93,3
2016-04-01,2016-04-02,2016-04-03,경기,용인시정,경기용인시정,0.354,0.424,0.088,0.000,0.000,0.000,0.000,0.409,0.490,0.102,0.000,0.000,0.000,0.000,0.134,마크로밀엠브레인,YTN,유무선혼합RDD,전화면접,502,11.9,1.71,3
2016-04-01,2016-04-02,2016-04-02,경기,용인시정,경기용인시정,0.290,0.433,0.080,0.000,0.000,0.000,0.000,0.361,0.539,0.100,0.000,0.000,0.000,0.000,0.197,리서치앤리서치,MBC,유선RDD,전화면접,524,8.8,1.4,3
2016-04-05,2016-04-05,2016-04-05,경기,용인시정,경기용인시정,0.390,0.379,0.120,0.000,0.000,0.000,0.000,0.439,0.426,0.135,0.000,0.000,0.000,0.000,0.111,리얼미터,중부일보,유선/스마트폰앱혼합,ARS,505,2.8,1.83,4
2016-04-01,2016-04-02,2016-04-03,경기,용인시정,경기용인시정,0.355,0.396,0.069,0.000,0.000,0.000,0.000,0.433,0.483,0.084,0.000,0.000,0.000,0.000,0.180,㈜포커스컴퍼니,문화일보,유선RDD,전화면접,500,12.1,1.83,3
2016-03-31,2016-04-01,2016-04-01,경기,파주시갑,경기파주시갑,0.273,0.442,0.078,0.000,0.000,0.000,0.000,0.344,0.557,0.098,0.000,0.000,0.000,0.000,0.207,마크로밀엠브레인,YTN,유무선혼합RDD,ARS,510,4.9,2.31,3
2016-04-01,2016-04-02,2016-04-02,경기,파주시갑,경기파주시갑,0.297,0.386,0.074,0.000,0.000,0.000,0.000,0.392,0.510,0.098,0.000,0.000,0.000,0.000,0.243,밀워드브라운미디어리서치,조선일보,유선RDD,전화면접,535,30.9,1.46,3
2016-04-02,2016-04-03,2016-04-03,경기,파주시갑,경기파주시갑,0.404,0.409,0.098,0.000,0.000,0.000,0.000,0.444,0.449,0.107,0.000,0.000,0.000,0.000,0.089,윈스리서치,"파주에서,파주인,파주시대신문",유선/스마트폰앱혼합,전화면접,500,9.2,2.25,3
2016-04-04,2016-04-05,2016-04-05,경기,파주시갑,경기파주시갑,0.300,0.414,0.078,0.000,0.000,0.000,0.000,0.379,0.523,0.098,0.000,0.000,0.000,0.000,0.208,(주)현대리서치연구소,윤후덕,유선RDD,ARS,510,1.9,2.34,4
2016-04-01,2016-04-02,2016-04-02,경기,파주시갑,경기파주시갑,0.212,0.333,0.080,0.000,0.000,0.000,0.000,0.339,0.533,0.128,0.000,0.000,0.000,0.000,0.375,한길리서치센타,"경기일보,기호일보",유선/스마트폰앱혼합,전화면접/ARS,512,3.7,2.39,3
2016-04-02,2016-04-03,2016-04-03,경기,파주시을,경기파주시을,0.416,0.255,0.000,0.000,0.238,0.000,0.000,0.458,0.281,0.000,0.000,0.262,0.000,0.000,0.091,윈스리서치,"파주에서,파주인,파주시대신문",유선/스마트폰앱혼합,전화면접,500,7.6,2,3
2016-03-14,2016-03-15,2016-03-15,경기,이천시,경기이천시,0.584,0.261,0.000,0.000,0.000,0.000,0.000,0.691,0.309,0.000,0.000,0.000,0.000,0.000,0.155,리얼미터,중부일보,유선/스마트폰앱혼합,ARS,509,2.6,2.12,3
2016-03-31,2016-04-01,2016-04-01,경기,이천시,경기이천시,0.486,0.259,0.000,0.000,0.000,0.000,0.000,0.652,0.348,0.000,0.000,0.000,0.000,0.000,0.255,리얼미터,경기신문,유선/스마트폰앱혼합,전화면접,507,12,1.51,3
2016-03-18,2016-03-19,2016-03-19,경기,안성시,경기안성시,0.474,0.240,0.100,0.000,0.000,0.000,0.000,0.582,0.295,0.123,0.000,0.000,0.000,0.000,0.186,리얼미터,중부일보,유선/스마트폰앱혼합,전화면접,500,7.5,1.5,3
2016-03-29,2016-03-30,2016-03-31,경기,김포시갑,경기김포시갑,0.377,0.444,0.000,0.000,0.000,0.000,0.000,0.459,0.541,0.000,0.000,0.000,0.000,0.000,0.179,마크로밀엠브레인,YTN,유무선혼합RDD,ARS,540,1.2,2.06,3
2016-04-02,2016-04-03,2016-04-03,경기,김포시갑,경기김포시갑,0.444,0.393,0.000,0.000,0.000,0.000,0.000,0.530,0.470,0.000,0.000,0.000,0.000,0.000,0.163,리얼미터,김포데일리,유선/스마트폰앱혼합,전화면접,512,13.3,1.4,2
2016-04-02,2016-04-03,2016-04-03,경기,김포시갑,경기김포시갑,0.249,0.350,0.000,0.000,0.000,0.000,0.000,0.416,0.584,0.000,0.000,0.000,0.000,0.000,0.401,한국CNR,경인일보,유선/인터넷혼합,ARS,706,9.6,1.3,3
2016-04-02,2016-04-03,2016-04-03,경기,김포시을,경기김포시을,0.458,0.284,0.111,0.000,0.000,0.000,0.000,0.537,0.333,0.130,0.000,0.000,0.000,0.000,0.147,리얼미터,김포데일리,유선/스마트폰앱혼합,전화면접,500,16,1.84,3
2016-03-25,2016-03-26,2016-03-27,경기,화성시을,경기화성시을,0.274,0.422,0.147,0.000,0.000,0.000,0.000,0.325,0.501,0.174,0.000,0.000,0.000,0.000,0.157,리얼미터,중부일보,유선/스마트폰앱혼합,전화면접,502,14.4,1.63,3
2016-03-29,2016-03-30,2016-03-30,경기,화성시병,경기화성시병,0.193,0.223,0.063,0.000,0.000,0.000,0.000,0.403,0.466,0.132,0.000,0.000,0.000,0.000,0.521,한국CNR,경인일보,유선/인터넷혼합,ARS,616,1.4,2.06,3
2016-03-27,2016-03-28,2016-03-28,경기,광주시을,경기광주시을,0.408,0.386,0.000,0.000,0.000,0.000,0.000,0.514,0.486,0.000,0.000,0.000,0.000,0.000,0.206,리얼미터,중부일보,유선/스마트폰앱혼합,ARS,507,3.6,2,3
2016-03-25,2016-03-26,2016-03-26,경기,광주시을,경기광주시을,0.414,0.396,0.000,0.000,0.000,0.000,0.000,0.511,0.489,0.000,0.000,0.000,0.000,0.000,0.190,윈스리서치,광주뉴스,유선/스마트폰앱혼합,ARS,507,5.5,2.42,2
2016-03-25,2016-03-26,2016-03-27,경기,광주시을,경기광주시을,0.398,0.406,0.000,0.000,0.000,0.000,0.000,0.495,0.505,0.000,0.000,0.000,0.000,0.000,0.196,리얼미터,경기신문,유선/스마트폰앱혼합,ARS,513,2.9,2.04,3
2016-03-27,2016-03-28,2016-03-28,경기,양주시,경기양주시,0.430,0.285,0.000,0.000,0.103,0.000,0.000,0.526,0.348,0.000,0.000,0.126,0.000,0.000,0.182,유앤미리서치,양주동두천신문사  ,유선/스마트폰앱혼합,ARS,504,3.7,2.16,3
2016-03-29,2016-03-29,2016-03-29,강원,춘천시,강원춘천시,0.511,0.248,0.000,0.025,0.000,0.000,0.000,0.652,0.316,0.000,0.032,0.000,0.000,0.000,0.216,밀워드브라운미디어리서치,조선일보,유선RDD,전화면접,506,21.2,1.64,3
2016-03-26,2016-03-27,2016-03-27,강원,원주시갑,강원원주시갑,0.443,0.256,0.063,0.039,0.000,0.000,0.000,0.553,0.320,0.079,0.049,0.000,0.000,0.000,0.199,코리아리서치센터,춘천KBS·춘천MBC·G1강원민방,유선RDD,전화면접,510,17.8,1.35,3
2016-04-04,2016-04-05,2016-04-05,강원,원주시갑,강원원주시갑,0.393,0.332,0.043,0.023,0.000,0.000,0.000,0.497,0.420,0.054,0.029,0.000,0.000,0.000,0.209,코리아리서치센터,"춘천KBS·춘천MBC·G1강원민방,강원일보",유선RDD,ARS,511,2.2,2.35,3
2016-03-27,2016-03-27,2016-03-27,강원,원주시을,강원원주시을,0.311,0.170,0.026,0.000,0.000,0.000,0.000,0.613,0.335,0.051,0.000,0.000,0.000,0.000,0.493,강원도민일보부설강원사회조사연구소,강원도민일보,유선RDD,ARS,516,2.3,2.54,3
2016-03-26,2016-03-27,2016-03-27,강원,원주시을,강원원주시을,0.373,0.328,0.092,0.000,0.000,0.000,0.000,0.470,0.414,0.116,0.000,0.000,0.000,0.000,0.207,코리아리서치센터,춘천KBS·춘천MBC·G1강원민방,유선RDD,ARS,500,1,2.48,3
2016-04-03,2016-04-04,2016-04-04,강원,원주시을,강원원주시을,0.382,0.369,0.070,0.000,0.000,0.000,0.000,0.465,0.449,0.085,0.000,0.000,0.000,0.000,0.179,코리아리서치센터,"춘천KBS·춘천MBC·G1강원민방,강원일보",유선RDD,전화면접,508,20.5,1.19,2
