조사 시작,중간 날짜,조사 끝,광역,선거구,,새누리당,더불어민주당,국민의당,정의당,무소속1,무소속2,무소속3,새누리1,민주1,국민1,정의1,무속1,무속2,무속3,무응답,조사 기관,언론사,조사방법,ARS/전화면접,"응답자수(N, 응답완료사례수)",응답률,가중치,나이
2016-03-18,2016-03-19,2016-03-20,서울,종로구,서울종로구,0.451,0.326,0.014,0.011,0.005,0,0,0.558859975,0.356338684,0.014811701,0.01162778,0.005281849,0,0,0.193,마크로밀엠브레인,중앙일보,유무선혼합RDD,전화면접,600,16.8,1.05,2
2016-04-05,2016-04-06,2016-04-06,서울,종로구,서울종로구,0.422,0.354,0.039,0.006,0,0,0,0.514007308,0.387729646,0.041194125,0.006322904,0,0,0,0.179,밀워드브라운,조선일보,유선RDD,전화면접,522,7.3,1.4,2
2016-03-30,2016-04-01,2016-04-02,서울,종로구,서울종로구,0.415,0.399,0.064,0.032,0,0,0,0.456043956,0.419538968,0.065871886,0.03287261,0,0,0,0.09,리얼미터,서울경제,유선RDD,전화면접,209,9.6,2.41,2
2016-03-19,2016-03-20,2016-03-20,서울,종로구,서울종로구,0.433,0.339,0.039,0.014,0,0,0,0.524848485,0.369744844,0.041156896,0.014740718,0,0,0,0.175,리서치앤리서치,동아일보,유선RDD,전화면접,508,6.6,2.1,3
2016-04-01,2016-04-02,2016-04-03,서울,종로구,서울종로구,0.426,0.349,0.077,0.029,0,0,0,0.48354143,0.37185359,0.080091948,0.030067799,0,0,0,0.119,조원씨앤아이,"국민일보, CBS",유선/스마트폰앱혼합,ARS,500,1.8,1.58,4
2016-04-05,2016-04-06,2016-04-06,서울,종로구,서울종로구,0.422,0.448,0.045,0.004,0.004,0.007,0,0.453763441,0.46581101,0.045938315,0.004079498,0.004079167,0.007137967,0,0.07,마크로밀엠브레인,YTN,유무선혼합RDD,전화면접,509,15,1.56,2
2016-03-26,2016-03-27,2016-03-28,서울,종로구,서울종로구,0.486,0.373,0.036,0.003,0.006,0,0,0.537610619,0.390326345,0.037001369,0.003080277,0.006160047,0,0,0.096,TNS,SBS,유선RDD,전화면접,503,5,2.44,3
2016-04-02,2016-04-04,2016-04-05,서울,종로구,서울종로구,0.454,0.356,0.061,0.02,0.005,0,0,0.506696429,0.375251755,0.063019902,0.020619235,0.00515152,0,0,0.104,TNS,SBS,유선RDD,전화면접,504,7.1,2.5,2
2016-04-05,2016-04-06,2016-04-06,서울,종로구,서울종로구,0.428,0.379,0.041,0.018,0,0,0,0.494226328,0.406553633,0.042718125,0.018720786,0,0,0,0.134,리얼미터,MBN,유선RDD,전화면접,508,10.1,1.95,3
2016-04-01,2016-04-02,2016-04-02,서울,종로구,서울종로구,0.449,0.356,0.046,0.012,0,0,0,0.5202781,0.381042861,0.047950584,0.012483465,0,0,0,0.137,리서치앤리서치,MBC,유선RDD,전화면접,500,4.7,1.85,2
2016-03-20,2016-03-21,2016-03-22,서울,종로구,서울종로구,0.458,0.285,0.039,0.04,0,0,0,0.557177616,0.309386589,0.041245216,0.042202577,0,0,0,0.178,코리아리서치센터,"KBS,연합뉴스",유선RDD,전화면접,500,8.5,2.41,2
2016-04-03,2016-04-04,2016-04-05,서울,종로구,서울종로구,0.4,0.404,0.048,0.012,0.004,0.007,0,0.457142857,0.433409962,0.049919255,0.012454954,0.004149692,0.007260833,0,0.125,코리아리서치센터,"KBS,연합뉴스",유선RDD,전화면접,500,8.5,2.29,2
2016-04-02,2016-04-03,2016-04-04,서울,중구성동구갑,서울중구성동구갑,0.362,0.362,0.057,0.032,0,0,0,0.445264453,0.403898647,0.060757026,0.033973157,0,0,0,0.187,마크로밀엠브레인,YTN,유무선혼합RDD,전화면접,505,18.4,1.46,3
2016-03-25,2016-03-25,2016-03-25,서울,중구성동구을,서울중구성동구을,0.421,0.192,0.184,0,0,0,0,0.528230866,0.212335154,0.199012289,0,0,0,0,0.203,마크로밀엠브레인,중앙일보,유무선혼합RDD,전화면접,600,12.1,1.41,2
2016-03-22,2016-03-23,2016-03-23,서울,중구성동구을,서울중구성동구을,0.439,0.138,0.173,0,0,0,0,0.585333333,0.15396058,0.189631869,0,0,0,0,0.25,밀워드브라운,조선일보,유선RDD,전화면접,510,8.4,1.4,3
2016-04-05,2016-04-06,2016-04-06,서울,중구성동구을,서울중구성동구을,0.37,0.205,0.304,0,0,0,0,0.420932878,0.220446018,0.321564191,0,0,0,0,0.121,마크로밀엠브레인,YTN,유무선혼합RDD,전화면접,510,12.1,1.7,3
2016-03-23,2016-03-24,2016-03-25,서울,중구성동구을,서울중구성동구을,0.428,0.131,0.169,0,0,0,0,0.587912088,0.147537129,0.186854051,0,0,0,0,0.272,리얼미터,MBN,유선RDD,전화면접,515,13.6,2.39,2
2016-03-27,2016-03-28,2016-03-28,서울,용산구,서울용산구,0.319,0.321,0.068,0.03,0,0,0,0.432249322,0.377092811,0.074944167,0.032812479,0,0,0,0.262,마크로밀엠브레인,중앙일보,유무선혼합RDD,전화면접,600,20.6,1.08,2
2016-03-26,2016-03-26,2016-03-26,서울,용산구,서울용산구,0.309,0.347,0.053,0.026,0,0,0,0.420408163,0.409967691,0.058281732,0.028425938,0,0,0,0.265,밀워드브라운,조선일보,유선RDD,전화면접,511,9,1.1,2
2016-04-05,2016-04-06,2016-04-06,서울,용산구,서울용산구,0.381,0.3,0.07,0.029,0,0,0,0.488461538,0.338042819,0.075634436,0.031144659,0,0,0,0.22,밀워드브라운,조선일보,유선RDD,전화면접,535,10.1,1.2,2
2016-03-30,2016-04-01,2016-04-02,서울,용산구,서울용산구,0.361,0.322,0.108,0.036,0,0,0,0.436517533,0.356779772,0.115224912,0.038114508,0,0,0,0.173,리얼미터,서울경제,유선RDD,전화면접,282,3.5,2.2,3
2016-04-01,2016-04-02,2016-04-02,서울,용산구,서울용산구,0.4,0.308,0.102,0.023,0,0,0,0.480192077,0.337278441,0.108226197,0.024243786,0,0,0,0.167,포커스컴퍼니,문화일보,유선RDD,전화면접,500,9.4,2,3
2016-04-04,2016-04-05,2016-04-05,서울,용산구,서울용산구,0.384,0.29,0.122,0.014,0,0,0,0.474074074,0.322195704,0.130863408,0.014875684,0,0,0,0.19,리서치앤리서치,동아일보,유선RDD,전화면접,500,5.9,1.6,2
2016-04-03,2016-04-04,2016-04-05,서울,용산구,서울용산구,0.322,0.371,0.076,0.033,0,0,0,0.401496259,0.420875297,0.081600087,0.035219849,0,0,0,0.198,마크로밀엠브레인,YTN,유무선혼합RDD,전화면접,500,21.5,1.47,3
2016-04-02,2016-04-04,2016-04-05,서울,용산구,서울용산구,0.389,0.347,0.113,0.029,0,0,0,0.443052392,0.372296668,0.118034273,0.030133523,0,0,0,0.122,TNS,SBS,유선RDD,전화면접,504,7.8,2.44,3
2016-03-31,2016-04-02,2016-04-03,서울,용산구,서울용산구,0.328,0.427,0.031,0.014,0,0,0,0.41,0.484126984,0.033009381,0.014875634,0,0,0,0.2,리얼미터,MBN,유선RDD,전화면접,514,9,2.43,2
2016-04-01,2016-04-02,2016-04-02,서울,용산구,서울용산구,0.362,0.325,0.075,0.026,0,0,0,0.459390863,0.367069521,0.080865988,0.027857351,0,0,0,0.212,리서치앤리서치,MBC,유선RDD,전화면접,500,5.7,1.51,2
2016-04-01,2016-04-02,2016-04-02,서울,용산구,서울용산구,0.352,0.319,0.093,0.022,0,0,0,0.44783715,0.361744796,0.100586,0.023600897,0,0,0,0.214,코리아리서치센터,"KBS,연합뉴스",유선RDD,전화면접,500,13.4,2.07,2
2016-04-01,2016-04-02,2016-04-02,서울,용산구,서울용산구,0.347,0.331,0.099,0.039,0,0,0,0.425245098,0.370144607,0.106065022,0.041469301,0,0,0,0.184,리얼미터,"CBS,국민일보",유선/스마트폰앱혼합,ARS,511,5.1,2.06,3
2016-03-29,2016-03-29,2016-03-29,서울,광진구을,서울광진구을,0.335,0.337,0.086,0,0,0,0,0.441952507,0.389616768,0.093725893,0,0,0,0,0.242,밀워드브라운,조선일보,유선RDD,전화면접,529,8.2,1.1,3
2016-03-21,2016-03-22,2016-03-22,서울,광진구을,서울광진구을,0.35,0.327,0.108,0,0,0,0,0.445859873,0.371228172,0.116745645,0,0,0,0,0.215,리얼미터,시민일보,유선/스마트폰앱혼합,ARS,800,4.9,1.6,4
2016-04-01,2016-04-02,2016-04-03,서울,광진구을,서울광진구을,0.321,0.45,0.097,0,0,0,0,0.369815668,0.490829308,0.101290147,0,0,0,0,0.132,마크로밀엠브레인,YTN,유무선혼합RDD,전화면접,504,10.9,1.51,3
2016-04-04,2016-04-05,2016-04-05,서울,동대문구을,서울동대문구을,0.302,0.484,0,0,0,0,0,0.384223919,0.557459878,0,0,0,0,0,0.214,마크로밀엠브레인,민병두,유무선혼합RDD,전화면접,503,18.3,1.23,4
2016-04-03,2016-04-04,2016-04-04,서울,중랑구을,서울중랑구을,0.347,0.317,0.083,0,0.028,0.021,0,0.435929648,0.358220567,0.089618292,0,0.030018166,0.022465019,0,0.204,마크로밀엠브레인,YTN,유무선혼합RDD,전화면접,505,17.2,1.34,3
2016-04-01,2016-04-02,2016-04-03,서울,성북구갑,서울성북구갑,0.417,0.321,0.14,0,0,0,0,0.474943052,0.342969585,0.146151115,0,0,0,0,0.122,리얼미터,정태근 후보,유선/스마트폰앱혼합,ARS,1005,3,2.13,3
2016-04-05,2016-04-06,2016-04-06,서울,성북구갑,서울성북구갑,0.357,0.346,0.109,0,0,0,0,0.439655172,0.386741183,0.116528143,0,0,0,0,0.188,마크로밀엠브레인,YTN,유무선혼합RDD,전화면접,501,17.7,1.37,3
2016-04-04,2016-04-05,2016-04-05,서울,성북구갑,서울성북구갑,0.322,0.278,0.145,0,0,0,0,0.432214765,0.325064547,0.160704117,0,0,0,0,0.255,리얼미터,MBN,유선RDD,전화면접,511,9.9,2.16,2
2016-03-22,2016-03-23,2016-03-23,서울,성북구을,서울성북구을,0.32,0.235,0.08,0.039,0,0,0,0.474777448,0.283550187,0.091186003,0.04389353,0,0,0,0.326,밀워드브라운,조선일보,유선RDD,전화면접,513,9.1,1.3,2
2016-04-01,2016-04-02,2016-04-03,서울,성북구을,서울성북구을,0.417,0.249,0.187,0.025,0,0,0,0.474943052,0.266041827,0.196225569,0.025981842,0,0,0,0.122,조원씨앤아이,김인원,유선RDD,ARS,502,1.7,2.4,2
2016-03-31,2016-04-01,2016-04-01,서울,강북구갑,서울강북구갑,0.358,0.246,0.173,0,0,0,0,0.460746461,0.279626018,0.18940794,0,0,0,0,0.223,마크로밀엠브레인,YTN,유무선혼합RDD,전화면접,510,16.1,1.41,4
2016-04-02,2016-04-03,2016-04-03,서울,강북구을,서울강북구을,0.28,0.452,0.095,0,0,0,0,0.338573156,0.510403908,0.100638038,0,0,0,0,0.173,마크로밀엠브레인,YTN,유무선혼합RDD,전화면접,531,17,1.22,3
2016-03-25,2016-03-26,2016-03-26,서울,도봉구을,서울도봉구을,0.384,0.212,0.097,0,0,0,0,0.554112554,0.245622658,0.10817017,0,0,0,0,0.307,마크로밀엠브레인,중앙일보,유무선혼합RDD,전화면접,600,16.4,1.09,3
2016-03-20,2016-03-21,2016-03-21,서울,도봉구을,서울도봉구을,0.429,0.224,0.119,0,0,0,0,0.555699482,0.249249059,0.128795052,0,0,0,0,0.228,코리아리서치센터,"KBS,연합뉴스",유선RDD,전화면접,500,8.5,2.38,3
2016-04-03,2016-04-04,2016-04-04,서울,노원구갑,서울노원구갑,0.45,0.288,0.149,0,0,0,0,0.507328072,0.304978755,0.154997339,0,0,0,0,0.113,우리리서치,이노근,유선/스마트폰앱혼합,ARS,653,1.8,1.02,4
2016-03-24,2016-03-24,2016-03-24,서울,노원구병,서울노원구병,0.32,0.114,0.353,0.052,0,0,0,0.381406436,0.12660949,0.386630714,0.054930739,0,0,0,0.161,마크로밀엠브레인,중앙일보,유무선혼합RDD,전화면접,600,16.4,1.41,3
2016-04-05,2016-04-06,2016-04-06,서울,노원구병,서울노원구병,0.33,0.107,0.409,0.015,0,0,0,0.383275261,0.117032588,0.442493267,0.015660871,0,0,0,0.139,밀워드브라운,조선일보,유선RDD,전화면접,509,9.7,1.7,3
2016-03-30,2016-04-01,2016-04-02,서울,노원구병,서울노원구병,0.311,0.136,0.428,0.027,0,0,0,0.344789357,0.145331852,0.452851969,0.027835821,0,0,0,0.098,리얼미터,서울경제,유선RDD,전화면접/ARS,508,5.6,2.35,3
2016-04-01,2016-04-02,2016-04-02,서울,노원구병,서울노원구병,0.333,0.123,0.436,0.016,0,0,0,0.366740088,0.130609285,0.459261903,0.01645056,0,0,0,0.092,포커스컴퍼니,문화일보,유선RDD,전화면접,500,8.8,2,3
2016-04-05,2016-04-06,2016-04-06,서울,노원구병,서울노원구병,0.302,0.133,0.43,0.028,0,0,0,0.33818589,0.143136052,0.45777702,0.02895257,0,0,0,0.107,마크로밀엠브레인,YTN,유무선혼합RDD,전화면접,504,16.8,1.31,3
2016-03-26,2016-03-27,2016-03-28,서울,노원구병,서울노원구병,0.334,0.13,0.387,0.041,0,0,0,0.374439462,0.139419239,0.410889659,0.042454123,0,0,0,0.108,TNS,SBS,유선RDD,전화면접,502,5.2,2.41,3
2016-04-02,2016-04-04,2016-04-05,서울,노원구병,서울노원구병,0.3,0.104,0.457,0.032,0,0,0,0.335946249,0.111954809,0.487778294,0.033068805,0,0,0,0.107,TNS,SBS,유선RDD,전화면접,504,5.8,2.34,2
2016-03-23,2016-03-24,2016-03-25,서울,노원구병,서울노원구병,0.295,0.145,0.32,0.035,0,0,0,0.371069182,0.166462094,0.358530853,0.037591476,0,0,0,0.205,리얼미터,MBN,유선RDD,전화면접,514,12.3,2.41,4
2016-04-01,2016-04-02,2016-04-02,서울,노원구병,서울노원구병,0.3,0.139,0.393,0.018,0,0,0,0.352941176,0.153941368,0.428159357,0.018886893,0,0,0,0.15,리서치앤리서치,MBC,유선RDD,전화면접,500,7.9,1.74,3
2016-03-20,2016-03-21,2016-03-21,서울,노원구병,서울노원구병,0.341,0.139,0.349,0.046,0,0,0,0.389714286,0.150479431,0.373184714,0.047947711,0,0,0,0.125,코리아리서치센터,"KBS,연합뉴스",유선RDD,전화면접,500,10.1,2.19,3
2016-04-03,2016-04-04,2016-04-05,서울,노원구병,서울노원구병,0.334,0.121,0.388,0.035,0,0,0,0.380410023,0.130894297,0.41528225,0.036398179,0,0,0,0.122,코리아리서치센터,"KBS,연합뉴스",유선RDD,전화면접,500,10.6,2.35,3
2016-04-01,2016-04-02,2016-04-02,서울,은평구을,서울은평구을,0,0.192,0.207,0.071,0.306,0.024,0,0,0.24,0.244103774,0.080216583,0.34215927,0.025793149,0,0.2,포커스컴퍼니,문화일보,유선RDD,전화면접,500,8.9,1.96,3
2016-04-04,2016-04-05,2016-04-05,서울,은평구을,서울은평구을,0,0.273,0.249,0.098,0.222,0,0,0,0.324228029,0.278764204,0.106176408,0.238410091,0,0,0.158,조원씨앤아이,국민의당,유선/스마트폰앱혼합,ARS,501,3.4,1.8,2
2016-04-06,2016-04-06,2016-04-06,서울,은평구을,서울은평구을,0,0.2256,0.2969,0.0709,0.2572,0.0407,0,0,0.25311343,0.323134154,0.075022677,0.270973513,0.042266227,0,0.1087,윈스리서치,고연호 국회의원후보사무소,유선/스마트폰앱혼합,ARS,1109,1,2.46,2
2016-03-26,2016-03-27,2016-03-28,서울,은평구을,서울은평구을,0,0.197,0.16,0.063,0.344,0.017,0,0,0.252240717,0.191332468,0.072616352,0.39216154,0.018371406,0,0.219,TNS,SBS,유선RDD,전화면접,503,5.2,2.5,3
2016-03-31,2016-04-02,2016-04-03,서울,은평구을,서울은평구을,0,0.173,0.191,0.062,0.308,0.042,0,0,0.222938144,0.231252184,0.071577802,0.351691263,0.045679016,0,0.224,리얼미터,MBN,유선RDD,전화면접,508,8.7,2.27,3
2016-04-05,2016-04-06,2016-04-06,서울,은평구을,서울은평구을,0,0.182,0.187,0.098,0.275,0.042,0,0,0.232142857,0.224182223,0.112472374,0.310454719,0.045590123,0,0.216,리얼미터,MBN,유선RDD,전화면접,511,12.9,2.27,3
2016-04-01,2016-04-02,2016-04-02,서울,은평구을,서울은평구을,0,0.16,0.196,0.054,0.331,0.028,0,0,0.208062419,0.239883754,0.062721691,0.380605072,0.030458854,0,0.231,코리아리서치센터,"KBS,연합뉴스",유선RDD,전화면접,500,11,2.27,3
2016-04-01,2016-04-02,2016-04-02,서울,서대문구갑,서울서대문구갑,0.399,0.364,0,0,0,0,0,0.52293578,0.410401754,0,0,0,0,0,0.237,포커스컴퍼니,문화일보,유선RDD,전화면접,500,7.5,2.33,3
2016-03-31,2016-04-01,2016-04-01,서울,서대문구갑,서울서대문구갑,0.383,0.418,0,0,0,0,0,0.47815231,0.466438568,0,0,0,0,0,0.199,마크로밀엠브레인,YTN,유무선혼합RDD,전화면접,503,17.4,1.35,3
2016-03-21,2016-03-22,2016-03-23,서울,서대문구갑,서울서대문구갑,0.392,0.337,0,0,0,0,0,0.537722908,0.385264861,0,0,0,0,0,0.271,코리아리서치센터,"KBS,연합뉴스",유선RDD,전화면접,500,6.1,2.24,3
2016-03-26,2016-03-27,2016-03-28,서울,서대문구을,서울서대문구을,0.389,0.33,0.074,0,0,0,0,0.490542245,0.368903763,0.079276144,0,0,0,0,0.207,코리아리서치센터,한국일보,유선RDD,전화면접,500,9,2.44,3
2016-03-26,2016-03-27,2016-03-27,서울,서대문구을,서울서대문구을,0.365,0.335,0.046,0,0,0,0,0.489276139,0.384935292,0.049988512,0,0,0,0,0.254,윈지코리아컨설팅,김영호 후보,유선RDD,전화면접,503,11,1.7,3
2016-03-29,2016-03-30,2016-03-31,서울,서대문구을,서울서대문구을,0.418,0.319,0.084,0,0,0,0,0.509135201,0.349728856,0.089090256,0,0,0,0,0.179,마크로밀엠브레인,YTN,유무선혼합RDD,전화면접,511,15.9,1.24,3
2016-03-26,2016-03-26,2016-03-26,서울,서대문구을,서울서대문구을,0.339,0.243,0.051,0,0,0,0,0.535545024,0.292931659,0.05798903,0,0,0,0,0.367,리얼미터,MBN,유선RDD,전화면접,508,11.9,2.34,3
2016-03-24,2016-03-24,2016-03-24,서울,마포구갑,서울마포구갑,0.275,0.419,0.044,0,0.105,0,0,0.326215896,0.468566933,0.046620895,0,0.110946309,0,0,0.157,마크로밀엠브레인,중앙일보,유무선혼합RDD,전화면접,600,12.2,1.53,3
2016-04-05,2016-04-06,2016-04-06,서울,마포구갑,서울마포구갑,0.301,0.335,0.104,0,0.087,0,0,0.363966143,0.376418814,0.11166167,0,0.092647157,0,0,0.173,리얼미터,서울경제,유선RDD,전화면접/ARS,514,4.5,2.06,3
2016-03-24,2016-03-25,2016-03-25,서울,마포구갑,서울마포구갑,0.281,0.357,0.03,0,0.103,0,0,0.364461738,0.417806888,0.032777262,0,0.112194827,0,0,0.229,리서치앤리서치,동아일보,유선RDD,전화면접,502,6.5,2.21,3
2016-04-01,2016-04-02,2016-04-03,서울,마포구갑,서울마포구갑,0.313,0.371,0.067,0,0.116,0,0,0.361014994,0.405457837,0.070565474,0,0.121715989,0,0,0.133,조원씨앤아이,"국민일보, CBS",유선/스마트폰앱혼합,ARS,500,1.8,1.49,3
2016-04-03,2016-04-04,2016-04-05,서울,마포구갑,서울마포구갑,0.27,0.474,0.062,0,0.068,0,0,0.308924485,0.519210524,0.064709044,0,0.07077111,0,0,0.126,마크로밀엠브레인,YTN,유무선혼합RDD,전화면접,501,12.3,1.44,3
2016-03-22,2016-03-23,2016-03-24,서울,마포구갑,서울마포구갑,0.277,0.324,0.044,0,0.137,0,0,0.354219949,0.377086217,0.048229423,0,0.14947592,0,0,0.218,리얼미터,MBN,유선RDD,전화면접,510,8,2.35,3
2016-03-21,2016-03-22,2016-03-22,서울,마포구갑,서울마포구갑,0.299,0.403,0.038,0,0.146,0,0,0.337471783,0.435924608,0.039690979,0,0.15222805,0,0,0.114,코리아리서치센터,"KBS,연합뉴스",유선RDD,전화면접,500,7.7,2.29,2
2016-04-02,2016-04-03,2016-04-03,서울,마포구을,서울마포구을,0.307,0.299,0.087,0.051,0.039,0,0,0.392081737,0.344437611,0.095236078,0.05532921,0.042112782,0,0,0.217,마크로밀엠브레인,중앙일보,유무선혼합RDD,전화면접,600,17.1,1.55,2
2016-04-01,2016-04-02,2016-04-02,서울,마포구을,서울마포구을,0.299,0.229,0.103,0.039,0.068,0,0,0.405149051,0.271279106,0.11619667,0.043351405,0.075223217,0,0,0.262,밀워드브라운,조선일보,유선RDD,전화면접,518,12.7,1.5,3
2016-03-31,2016-04-01,2016-04-02,서울,마포구을,서울마포구을,0.357,0.262,0.109,0.042,0.11,0,0,0.405681818,0.282120307,0.114881699,0.043993623,0.114981283,0,0,0.12,리얼미터,서울경제,유선RDD,전화면접/ARS,515,4.2,2.48,3
2016-04-05,2016-04-06,2016-04-06,서울,마포구을,서울마포구을,0.324,0.3,0.099,0.043,0.055,0,0,0.394640682,0.336458403,0.106669645,0.045951525,0.058590405,0,0,0.179,마크로밀엠브레인,YTN,유무선혼합RDD,전화면접,502,20.2,1.49,3
2016-03-31,2016-04-01,2016-04-01,서울,양천구갑,서울양천구갑,0.354,0.319,0,0,0.054,0,0,0.4869326,0.370959306,0,0,0.059217545,0,0,0.273,마크로밀엠브레인,YTN,유무선혼합RDD,전화면접,507,12.5,1.27,4
2016-04-05,2016-04-06,2016-04-06,서울,양천구을,서울양천구을,0.413,0.258,0.113,0,0,0,0,0.526785714,0.287373697,0.121877639,0,0,0,0,0.216,밀워드브라운,조선일보,유선RDD,전화면접,510,8.2,1.4,2
2016-04-03,2016-04-04,2016-04-04,서울,강서구갑,서울강서구갑,0.323,0.29,0.105,0,0.084,0,0,0.402743142,0.328893967,0.114051453,0,0.090352838,0,0,0.198,한국리서치,한겨레신문,유선RDD,전화면접,500,6.5,2.02,3
2016-04-04,2016-04-05,2016-04-05,서울,강서구갑,서울강서구갑,0.311,0.27,0.086,0,0.092,0,0,0.409749671,0.314777154,0.095288027,0,0.100897677,0,0,0.241,마크로밀엠브레인,중앙일보,유무선혼합RDD,전화면접,600,14.6,1.58,3
2016-03-26,2016-03-26,2016-03-26,서울,강서구갑,서울강서구갑,0.285,0.247,0.066,0,0.089,0,0,0.414847162,0.302382149,0.075668175,0,0.100918759,0,0,0.313,밀워드브라운,조선일보,유선RDD,전화면접,515,8.7,1.1,3
2016-03-30,2016-04-01,2016-04-02,서울,강서구갑,서울강서구갑,0.365,0.188,0.117,0,0.063,0,0,0.497953615,0.217101698,0.130718178,0,0.069324205,0,0,0.267,리얼미터,서울경제,유선RDD,전화면접,507,3.5,2.49,3
2016-04-01,2016-04-02,2016-04-02,서울,강서구갑,서울강서구갑,0.367,0.265,0.089,0,0.066,0,0,0.466327827,0.298986438,0.096706096,0,0.071119129,0,0,0.213,포커스컴퍼니,문화일보,유선RDD,전화면접,500,6.2,2.11,3
2016-04-01,2016-04-02,2016-04-03,서울,강서구갑,서울강서구갑,0.318,0.269,0.116,0,0.082,0,0,0.405095541,0.308452443,0.127256055,0,0.088859602,0,0,0.215,마크로밀엠브레인,YTN,유무선혼합RDD,전화면접,504,13,1.38,3
2016-04-02,2016-04-02,2016-04-02,서울,강서구을,서울강서구을,0.439,0.288,0.099,0,0.014,0,0,0.522619048,0.311816869,0.104492555,0,0.014691554,0,0,0.16,마크로밀엠브레인,중앙일보,유무선혼합RDD,전화면접,600,18.9,1.68,3
2016-04-03,2016-04-04,2016-04-04,서울,강서구을,서울강서구을,0.455,0.303,0.079,0,0.022,0,0,0.529685681,0.324520346,0.082704671,0,0.0229427,0,0,0.141,마크로밀엠브레인,YTN,유무선혼합RDD,전화면접,505,14.3,1.51,3
2016-04-04,2016-04-05,2016-04-05,서울,강서구병,서울강서구병,0.304,0.278,0.169,0.053,0,0,0,0.378109453,0.316589235,0.184357196,0.056863543,0,0,0,0.196,코리아리서치센터,"KBS,연합뉴스",유선RDD,전화면접,500,5.8,2.24,3
2016-03-25,2016-03-25,2016-03-25,서울,구로구갑,서울구로구갑,0.347,0.359,0.051,0.044,0,0,0,0.433208489,0.404639951,0.05467126,0.046982461,0,0,0,0.199,코리아리서치센터,한국일보,유선RDD,전화면접,500,9.2,2.17,3
2016-04-03,2016-04-04,2016-04-04,서울,구로구갑,서울구로구갑,0.297,0.466,0.066,0.032,0,0,0,0.344947735,0.512680743,0.069064497,0.033378778,0,0,0,0.139,한국리서치,한겨레신문,유선RDD,전화면접,500,9.6,1.96,3
2016-04-05,2016-04-06,2016-04-06,서울,구로구갑,서울구로구갑,0.321,0.371,0.082,0.033,0,0,0,0.397769517,0.419792709,0.087929789,0.035162792,0,0,0,0.193,메트릭스코퍼레이션,시민일보,유선RDD,ARS,800,4.9,2.04,3
2016-04-03,2016-04-04,2016-04-05,서울,구로구갑,서울구로구갑,0.327,0.455,0.059,0.021,0,0,0,0.379350348,0.497621072,0.061652834,0.021883565,0,0,0,0.138,마크로밀엠브레인,YTN,유무선혼합RDD,전화면접,500,27.2,1.47,3
2016-03-29,2016-03-29,2016-03-29,서울,구로구을,서울구로구을,0.28,0.355,0.098,0,0,0,0,0.381991814,0.425153868,0.108269864,0,0,0,0,0.267,밀워드브라운,조선일보,유선RDD,전화면접,516,7.9,1.2,3
2016-03-31,2016-04-01,2016-04-01,서울,구로구을,서울구로구을,0.317,0.365,0.071,0,0,0,0,0.420982736,0.425912897,0.077350842,0,0,0,0,0.247,리서치앤리서치,동아일보,유선RDD,전화면접,500,5.7,2,3
2016-03-31,2016-04-01,2016-04-01,서울,구로구을,서울구로구을,0.295,0.421,0.063,0,0,0,0,0.378690629,0.488008083,0.067763889,0,0,0,0,0.221,마크로밀엠브레인,YTN,유무선혼합RDD,전화면접,505,14.4,1.44,4
2016-04-03,2016-04-04,2016-04-05,서울,영등포구갑,서울영등포구갑,0.365,0.332,0.06,0.047,0,0,0,0.4539801,0.3717888,0.064324615,0.05015508,0,0,0,0.196,마크로밀엠브레인,YTN,유무선혼합RDD,전화면접,502,12.2,1.56,3
2016-03-21,2016-03-22,2016-03-23,서울,영등포구갑,서울영등포구갑,0.386,0.323,0.066,0.008,0,0,0,0.492975734,0.362931244,0.070974841,0.008557231,0,0,0,0.217,코리아리서치센터,"KBS,연합뉴스",유선RDD,전화면접,500,9.4,2.34,3
2016-04-05,2016-04-06,2016-04-06,서울,영등포구을,서울영등포구을,0.352,0.251,0.177,0,0.018,0,0,0.441102757,0.282943546,0.192590949,0,0.019258809,0,0,0.202,밀워드브라운,조선일보,유선RDD,전화면접,511,7.7,1.4,2
2016-04-05,2016-04-06,2016-04-06,서울,영등포구을,서울영등포구을,0.332,0.364,0.157,0,0.023,0,0,0.378995434,0.394368148,0.164680089,0,0.023932315,0,0,0.124,마크로밀엠브레인,YTN,유무선혼합RDD,전화면접,507,16.8,1.26,3
2016-03-21,2016-03-22,2016-03-23,서울,영등포구을,서울영등포구을,0.384,0.282,0.129,0,0.028,0,0,0.466585662,0.31140069,0.137969928,0,0.029662391,0,0,0.177,코리아리서치센터,"KBS,연합뉴스",유선RDD,전화면접,500,11.1,2.39,3
2016-04-01,2016-04-02,2016-04-03,서울,동작구갑,서울동작구갑,0.303,0.255,0.153,0,0,0,0,0.426160338,0.305696625,0.172909302,0,0,0,0,0.289,마크로밀엠브레인,YTN,유무선혼합RDD,전화면접,506,12,1.45,3
2016-03-25,2016-03-26,2016-03-26,서울,동작구을,서울동작구을,0.511,0.189,0.077,0.058,0,0,0,0.611976048,0.201928244,0.081146224,0.060857215,0,0,0,0.165,코리아리서치센터,한국일보,유선RDD,전화면접,500,7.8,2.14,3
2016-03-23,2016-03-24,2016-03-24,서울,동작구을,서울동작구을,0.478,0.194,0.069,0.042,0,0,0,0.610472542,0.211912418,0.073924482,0.044761353,0,0,0,0.217,마크로밀엠브레인,중앙일보,유무선혼합RDD,전화면접,600,15.8,1.2,3
2016-03-26,2016-03-26,2016-03-26,서울,동작구을,서울동작구을,0.462,0.127,0.064,0.062,0,0,0,0.646153846,0.141243905,0.070068051,0.067430458,0,0,0,0.285,리얼미터,MBN,유선RDD,전화면접,511,10.5,2.39,3
2016-03-25,2016-03-25,2016-03-25,서울,관악구갑,서울관악구갑,0.183,0.312,0.214,0.041,0,0,0,0.244,0.384710234,0.242160826,0.044962497,0,0,0,0.25,마크로밀엠브레인,중앙일보,유무선혼합RDD,전화면접,600,12.3,1.7,3
2016-04-04,2016-04-05,2016-04-05,서울,관악구갑,서울관악구갑,0.206,0.371,0.282,0.062,0,0,0,0.223669924,0.395240106,0.292862252,0.063669917,0,0,0,0.079,조원씨앤아이,국민의당,유선/스마트폰앱혼합,ARS,501,2.7,1.8,2
2016-04-02,2016-04-03,2016-04-04,서울,관악구을,서울관악구을,0.359,0.292,0.193,0,0,0,0,0.42535545,0.320753833,0.205513888,0,0,0,0,0.156,마크로밀엠브레인,YTN,유무선혼합RDD,전화면접,506,17.3,1.42,3
2016-03-25,2016-03-26,2016-03-26,서울,강남구을,서울강남구을,0.419,0.258,0,0,0.056,0,0,0.571623465,0.291320194,0,0,0.060939536,0,0,0.267,코리아리서치센터,한국일보,유선RDD,전화면접,500,7.6,2.4,3
2016-03-23,2016-03-23,2016-03-23,서울,강남구을,서울강남구을,0.442,0.277,0,0,0.046,0,0,0.577777778,0.307512027,0,0,0.049393862,0,0,0.235,마크로밀엠브레인,중앙일보,유무선혼합RDD,전화면접,600,13.1,1.56,3
2016-03-31,2016-04-02,2016-04-03,서울,강남구을,서울강남구을,0.452,0.301,0,0,0.044,0,0,0.567126725,0.329998005,0,0,0.04675257,0,0,0.203,리얼미터,MBN,유선RDD,전화면접,510,7.4,2.17,3
2016-03-31,2016-04-01,2016-04-01,서울,송파구을,서울송파구을,0,0.353,0.107,0,0.292,0.011,0,0,0.462647444,0.122615382,0,0.328731532,0.011891964,0,0.237,마크로밀엠브레인,YTN,유무선혼합RDD,전화면접,506,11.4,1.39,3
2016-04-01,2016-04-02,2016-04-02,서울,송파구을,서울송파구을,0,0.3,0.099,0,0.33,0.011,0,0,0.405405405,0.117103581,0,0.382161628,0.012013053,0,0.26,코리아리서치센터,"KBS,연합뉴스",유선RDD,전화면접,500,7.9,2.36,3
2016-03-23,2016-03-24,2016-03-24,서울,강동구을,서울강동구을,0.331,0.288,0.088,0,0,0,0,0.468175389,0.341161332,0.09806798,0,0,0,0,0.293,마크로밀엠브레인,중앙일보,유무선혼합RDD,전화면접,600,16.5,1.08,3
2016-04-06,2016-04-06,2016-04-06,서울,강동구을,서울강동구을,0.362,0.299,0.155,0,0,0,0,0.443627451,0.33310033,0.166357603,0,0,0,0,0.184,마크로밀엠브레인,중앙일보,유무선혼합RDD,전화면접,600,23.8,1.39,3
2016-04-03,2016-04-04,2016-04-05,서울,강동구을,서울강동구을,0.319,0.355,0.116,0,0,0,0,0.403797468,0.405808216,0.125323344,0,0,0,0,0.21,마크로밀엠브레인,YTN,유무선혼합RDD,전화면접,500,19.7,1.32,3
2016-03-23,2016-03-23,2016-03-23,부산,중구영도구,부산중구영도구,0.656,0.185,0,0,0.022,0,0,0.76013905,0.191285834,0,0,0.022600614,0,0,0.137,한국사회여론연구소,부산일보,유선RDD,ARS,754,2.6,2.17,2
2016-03-22,2016-03-22,2016-03-22,부산,부산진구갑,부산부산진구갑,0.573,0.257,0,0,0.014,0,0,0.678909953,0.270551961,0,0,0.014530932,0,0,0.156,한국사회여론연구소,부산일보,유선RDD,ARS,756,2.4,2.13,2
2016-03-31,2016-04-02,2016-04-03,부산,부산진구갑,부산부산진구갑,0.556,0.306,0,0,0.033,0,0,0.62122905,0.318673966,0,0,0.033919105,0,0,0.105,한길리서치센터,"부산MBC,부산KBS",유선RDD,전화면접,700,8.9,2.44,2
2016-03-26,2016-03-27,2016-03-27,부산,부산진구갑,부산부산진구갑,0.424,0.252,0,0,0.021,0,0,0.608321377,0.285934287,0,0,0.022944409,0,0,0.303,리서치앤리서치,국제신문,유선RDD,전화면접,500,10.8,1.4,3
2016-03-22,2016-03-22,2016-03-22,부산,남구을,부산남구을,0.447,0.336,0.075,0,0,0,0,0.520979021,0.360523137,0.078410696,0,0,0,0,0.142,한국사회여론연구소,부산일보,유선RDD,ARS,735,1.6,2.4,2
2016-03-26,2016-03-27,2016-03-27,부산,남구을,부산남구을,0.374,0.19,0.025,0,0,0,0,0.634974533,0.223536109,0.028296207,0,0,0,0,0.411,리서치앤리서치,국제신문,유선RDD,전화면접,500,13.8,1.6,3
2016-03-27,2016-03-27,2016-03-27,부산,북구강서구갑,부산북구강서구갑,0.385,0.518,0,0,0,0,0,0.426356589,0.548521614,0,0,0,0,0,0.097,한국사회여론연구소,부산일보,유선RDD,ARS,1620,4.3,1.92,2
2016-04-02,2016-04-03,2016-04-03,부산,북구강서구갑,부산북구강서구갑,0.354,0.389,0,0,0,0,0,0.476446837,0.449478793,0,0,0,0,0,0.257,한국사회여론연구소,부산일보,유선RDD,ARS,709,20,2.33,3
2016-03-30,2016-03-31,2016-04-01,부산,북구강서구갑,부산북구강서구갑,0.431,0.416,0,0,0,0,0,0.508854782,0.449800345,0,0,0,0,0,0.153,한길리서치센터,"부산MBC,부산KBS",유선RDD,전화면접,700,14.3,2.49,3
2016-03-25,2016-03-26,2016-03-26,부산,북구강서구갑,부산북구강서구갑,0.457,0.436,0,0,0,0,0,0.511758119,0.460032989,0,0,0,0,0,0.107,폴리컴,박민식,유선RDD,ARS,1029,2.7,1.99,2
2016-04-01,2016-04-02,2016-04-02,부산,북구강서구갑,부산북구강서구갑,0.467,0.433,0,0,0,0,0,0.518888889,0.454885024,0,0,0,0,0,0.1,포커스컴퍼니,문화일보,유선RDD,전화면접,500,13.9,1.93,3
2016-03-31,2016-04-01,2016-04-02,부산,북구강서구갑,부산북구강서구갑,0.42,0.354,0,0,0,0,0,0.542635659,0.394809192,0,0,0,0,0,0.226,리서치앤리서치,동아일보,유선RDD,전화면접,500,12.8,1.18,2
2016-03-26,2016-03-27,2016-03-27,부산,북구강서구갑,부산북구강서구갑,0.393,0.264,0,0,0,0,0,0.598173516,0.306202864,0,0,0,0,0,0.343,리서치앤리서치,국제신문,유선RDD,전화면접,500,12.8,1.5,3
2016-04-02,2016-04-03,2016-04-04,부산,북구강서구갑,부산북구강서구갑,0.411,0.456,0,0,0,0,0,0.474048443,0.490297041,0,0,0,0,0,0.133,TNS,SBS,유선RDD,전화면접,505,10.8,2.31,3
2016-03-31,2016-04-02,2016-04-03,부산,북구강서구갑,부산북구강서구갑,0.418,0.423,0,0,0,0,0,0.497027348,0.459768941,0,0,0,0,0,0.159,리얼미터,MBN,유선RDD,전화면접,515,12.6,2.47,3
2016-04-01,2016-04-02,2016-04-02,부산,북구강서구갑,부산북구강서구갑,0.433,0.416,0,0,0,0,0,0.510011779,0.449238346,0,0,0,0,0,0.151,코리아리서치센터,"KBS,연합뉴스",유선RDD,전화면접,500,19.5,2.22,3
2016-03-26,2016-03-27,2016-03-28,부산,사하구갑,부산사하구갑,0.46,0.267,0,0,0.015,0.006,0,0.614973262,0.295689819,0,0,0.016100241,0.0064325,0,0.252,코리아리서치센터,한국일보,유선RDD,전화면접,500,12,1.9,2
2016-04-03,2016-04-04,2016-04-04,부산,사하구갑,부산사하구갑,0.318,0.272,0,0,0.009,0.005,0.004,0.523026316,0.334552517,0,0,0.010278915,0.005702179,0.004558093,0.392,한국사회여론연구소,부산일보,유선RDD,ARS,710,15.2,2.42,3
2016-03-26,2016-03-27,2016-03-27,부산,사하구갑,부산사하구갑,0.51,0.184,0,0,0.003,0.003,0,0.728571429,0.200311042,0,0,0.00320896,0.003208242,0,0.3,리서치앤리서치,국제신문,유선RDD,전화면접,500,11.9,1.5,3
2016-03-30,2016-04-01,2016-04-02,부산,사하구을,부산사하구을,0.551,0.202,0.055,0.016,0.012,0.004,0,0.655952381,0.213767386,0.057488098,0.01668043,0.012501455,0.004164976,0,0.16,한길리서치센터,"부산MBC,부산KBS",유선RDD,전화면접,700,16.9,2.47,2
2016-03-24,2016-03-25,2016-03-25,부산,사상구,부산사상구,0.229,0.209,0,0,0.34,0,0,0.294344473,0.247822813,0,0,0.385414428,0,0,0.222,마크로밀엠브레인,중앙일보,유무선혼합RDD,전화면접,600,30.1,1.01,3
2016-03-18,2016-03-19,2016-03-20,부산,사상구,부산사상구,0.243,0.185,0,0,0.495,0,0,0.263271939,0.196125838,0,0,0.518651669,0,0,0.077,폴리컴,장제원,유선RDD,ARS,1120,2.3,1.26,2
2016-03-18,2016-03-18,2016-03-18,부산,사상구,부산사상구,0.231,0.164,0,0,0.525,0,0,0.251086957,0.174451947,0,0,0.552318267,0,0,0.08,한국사회여론연구소,부산일보,유선RDD,ARS,759,3.1,2.4,2
2016-04-01,2016-04-02,2016-04-02,부산,사상구,부산사상구,0.223,0.215,0,0,0.434,0,0,0.255733945,0.237638923,0,0,0.467988675,0,0,0.128,포커스컴퍼니,문화일보,유선RDD,전화면접,500,10.8,1.95,3
2016-03-26,2016-03-27,2016-03-27,부산,사상구,부산사상구,0.171,0.173,0,0,0.301,0,0,0.265116279,0.234063306,0,0,0.376165558,0,0,0.355,리서치앤리서치,국제신문,유선RDD,전화면접,500,14.2,1.7,3
2016-03-29,2016-03-31,2016-03-31,부산,사상구,부산사상구,0.227,0.245,0,0,0.358,0,0,0.273493976,0.279522743,0,0,0.392967541,0,0,0.17,마크로밀엠브레인,YTN,유무선혼합RDD,전화면접,512,24.4,1.26,3
2016-03-23,2016-03-23,2016-03-23,부산,사상구,부산사상구,0.275,0.201,0,0,0.354,0,0,0.331325301,0.226779039,0,0,0.388113491,0,0,0.17,코리아리서치센터,"KBS,연합뉴스",유선RDD,전화면접,500,17.3,1.87,3
2016-03-26,2016-03-27,2016-03-28,대구,동구갑,대구동구갑,0.377,0,0,0,0.384,0,0,0.495400788,0,0,0,0.436660969,0,0,0.239,코리아리서치센터,한국일보,유선RDD,전화면접,500,11.9,2.35,3
2016-03-29,2016-03-29,2016-03-29,대구,동구갑,대구동구갑,0.343,0,0,0,0.398,0,0,0.462887989,0,0,0,0.462313338,0,0,0.259,마크로밀엠브레인,중앙일보,유무선혼합RDD,전화면접,600,19.8,1.39,3
2016-03-26,2016-03-27,2016-03-27,대구,동구갑,대구동구갑,0.463,0,0,0,0.351,0,0,0.568796069,0,0,0,0.381606328,0,0,0.186,리얼미터,"영남일보, 대구MBC",유선/스마트폰앱혼합,ARS,510,4.9,2.16,2
2016-04-01,2016-04-02,2016-04-03,대구,동구갑,대구동구갑,0.365,0,0,0,0.436,0,0,0.4556804,0,0,0,0.488964432,0,0,0.199,포커스컴퍼니,문화일보,유선RDD,전화면접,500,11.9,2,3
2016-04-04,2016-04-04,2016-04-04,대구,동구갑,대구동구갑,0.482,0,0,0,0.364,0,0,0.569739953,0,0,0,0.389830165,0,0,0.154,폴스미스,"매일신문,TBC",유선/스마트폰앱혼합,ARS,765,2,2.45,2
2016-04-05,2016-04-06,2016-04-06,대구,동구갑,대구동구갑,0.386,0,0,0,0.294,0,0,0.567647059,0,0,0,0.341206991,0,0,0.32,마크로밀엠브레인,YTN,유무선혼합RDD,전화면접,503,20.3,1.56,2
2016-03-29,2016-03-30,2016-03-30,대구,동구갑,대구동구갑,0.365,0,0,0,0.329,0,0,0.525936599,0,0,0,0.384823857,0,0,0.306,한국갤럽조사연구소,"TBC,매일신문",유선RDD,전화면접,500,16.7,2.42,2
2016-03-26,2016-03-27,2016-03-28,대구,동구갑,대구동구갑,0.365,0,0,0,0.336,0,0,0.520684736,0,0,0,0.392209626,0,0,0.299,TNS,SBS,유선RDD,전화면접,501,8.6,2.42,3
2016-04-02,2016-04-04,2016-04-05,대구,동구갑,대구동구갑,0.366,0,0,0,0.427,0,0,0.461538462,0,0,0,0.480564453,0,0,0.207,TNS,SBS,유선RDD,전화면접,502,9.7,2.5,3
2016-04-05,2016-04-06,2016-04-06,대구,동구갑,대구동구갑,0.419,0,0,0,0.385,0,0,0.521144279,0,0,0,0.424877152,0,0,0.196,리얼미터,MBN,유선RDD,전화면접,515,10.3,2.5,2
2016-04-01,2016-04-02,2016-04-02,대구,동구갑,대구동구갑,0.336,0,0,0,0.407,0,0,0.452220727,0,0,0,0.473685035,0,0,0.257,리서치앤리서치,MBC,유선RDD,전화면접,500,10.7,1.9,2
2016-04-01,2016-04-02,2016-04-03,대구,동구갑,대구동구갑,0.385,0,0,0,0.384,0,0,0.500650195,0,0,0,0.434069875,0,0,0.231,코리아리서치센터,"KBS,연합뉴스",유선RDD,전화면접,500,10.3,2.29,3
2016-03-22,2016-03-23,2016-03-24,대구,동구을,대구동구을,0.23,0,0,0,0.529,0,0,0.303030303,0,0,0,0.635794151,0,0,0.241,리얼미터,MBN,유선RDD,전화면접,514,19.2,2.34,3
2016-03-28,2016-03-29,2016-03-30,대구,북구갑,대구북구갑,0.499,0.101,0.049,0,0.214,0,0,0.578215527,0.107194158,0.051665436,0,0.225008514,0,0,0.137,리얼미터,"영남일보, 대구MBC",유선/스마트폰앱혼합,ARS,514,3.7,2.41,2
2016-04-03,2016-04-03,2016-04-03,대구,북구갑,대구북구갑,0.523,0.064,0.042,0,0.276,0,0,0.577900552,0.066673573,0.043633003,0,0.28624555,0,0,0.095,폴스미스,"매일신문,TBC",유선RDD,ARS,776,1.7,2.48,2
2016-04-06,2016-04-06,2016-04-06,대구,북구갑,대구북구갑,0.385,0.116,0.072,0,0.184,0,0,0.508586526,0.131730383,0.080328731,0,0.203394558,0,0,0.243,한길리서치센터,매일경제,유선/스마트폰앱혼합,전화면접,500,15.4,1.54,3
2016-04-01,2016-04-02,2016-04-02,대구,북구을,대구북구을,0.271,0,0,0.054,0.373,0,0,0.388252149,0,0,0.066237176,0.450761102,0,0,0.302,밀워드브라운,조선일보,유선RDD,전화면접,521,11.8,1.6,3
2016-03-28,2016-03-29,2016-03-29,대구,북구을,대구북구을,0.268,0,0,0.095,0.423,0,0,0.340966921,0,0,0.110597973,0.483669083,0,0,0.214,리얼미터,"영남일보, 대구MBC",유선/스마트폰앱혼합,ARS,508,3.1,2.37,3
2016-04-02,2016-04-02,2016-04-02,대구,북구을,대구북구을,0.351,0,0,0.053,0.508,0,0,0.384868421,0,0,0.056033164,0.535355835,0,0,0.088,폴스미스,"매일신문,TBC",유선RDD,ARS,1012,2.1,2.37,2
2016-04-05,2016-04-06,2016-04-06,대구,북구을,대구북구을,0.26,0,0,0.083,0.488,0,0,0.312876053,0,0,0.093904569,0.545385079,0,0,0.169,마크로밀엠브레인,YTN,유무선혼합RDD,전화면접,502,25.2,1.36,4
2016-04-03,2016-04-04,2016-04-04,대구,북구을,대구북구을,0.266,0,0,0.057,0.372,0,0,0.382733813,0,0,0.070220064,0.450934301,0,0,0.305,코리아리서치센터,"KBS,연합뉴스",유선RDD,전화면접,500,23.1,1.87,3
2016-03-15,2016-03-16,2016-03-17,대구,수성구갑,대구수성구갑,0.385,0.515,0,0,0,0,0,0.427777778,0.546258103,0,0,0,0,0,0.1,마크로밀엠브레인,중앙일보,유무선혼합RDD,전화면접,600,19.5,1.06,4
2016-04-05,2016-04-06,2016-04-06,대구,수성구갑,대구수성구갑,0.286,0.53,0,0,0,0,0,0.350490196,0.601937423,0,0,0,0,0,0.184,밀워드브라운,조선일보,유선RDD,전화면접,1489,3.2,1.4,3
2016-03-25,2016-03-26,2016-03-26,대구,수성구갑,대구수성구갑,0.382,0.527,0,0,0,0,0,0.420242024,0.556352006,0,0,0,0,0,0.091,리얼미터,"영남일보, 대구MBC",유선/스마트폰앱혼합,ARS,501,7,2.09,4
2016-03-31,2016-04-01,2016-04-02,대구,수성구갑,대구수성구갑,0.381,0.491,0,0,0,0,0,0.436926606,0.529136676,0,0,0,0,0,0.128,리얼미터,서울경제,유선RDD,전화면접/ARS,507,7.2,2.38,2
2016-04-06,2016-04-06,2016-04-06,대구,수성구갑,대구수성구갑,0.439,0.5,0,0,0,0,0,0.467518637,0.516785911,0,0,0,0,0,0.061,폴스미스,새누리당 대구시당,유선RDD,ARS,1489,3.2,2.5,2
2016-04-01,2016-04-02,2016-04-03,대구,수성구갑,대구수성구갑,0.309,0.603,0,0,0,0,0,0.338815789,0.640252592,0,0,0,0,0,0.088,포커스컴퍼니,문화일보,유선RDD,전화면접,500,12.2,1.94,2
2016-04-06,2016-04-06,2016-04-06,대구,수성구갑,대구수성구갑,0.354,0.444,0,0,0,0,0,0.443609023,0.500220242,0,0,0,0,0,0.202,한길리서치센터,매일경제,유선/스마트폰앱혼합,전화면접,500,18.1,2.03,4
2016-03-19,2016-03-20,2016-03-20,대구,수성구갑,대구수성구갑,0.316,0.5,0,0,0,0,0,0.387254902,0.563535912,0,0,0,0,0,0.184,리서치앤리서치,동아일보,유선RDD,전화면접,511,11.4,1.94,3
2016-04-05,2016-04-06,2016-04-06,대구,수성구갑,대구수성구갑,0.292,0.613,0,0,0,0,0,0.322651934,0.655158161,0,0,0,0,0,0.095,마크로밀엠브레인,YTN,유무선혼합RDD,전화면접,504,24.9,1.33,3
2016-04-04,2016-04-05,2016-04-05,대구,수성구갑,대구수성구갑,0.435,0.515,0,0,0,0,0,0.457894737,0.52934812,0,0,0,0,0,0.05,폴스미스,"TBC,매일신문",유선RDD,ARS,2005,4.5,2.497,2
2016-03-26,2016-03-27,2016-03-28,대구,수성구갑,대구수성구갑,0.346,0.529,0,0,0,0,0,0.395428571,0.572245403,0,0,0,0,0,0.125,TNS,SBS,유선RDD,전화면접,503,12.7,2.06,3
2016-04-02,2016-04-04,2016-04-05,대구,수성구갑,대구수성구갑,0.322,0.576,0,0,0,0,0,0.35857461,0.616323185,0,0,0,0,0,0.102,TNS,SBS,유선RDD,전화면접,515,13.6,2.44,2
2016-04-01,2016-04-02,2016-04-02,대구,수성구갑,대구수성구갑,0.318,0.542,0,0,0,0,0,0.369767442,0.594449829,0,0,0,0,0,0.14,리서치앤리서치,MBC,유선RDD,전화면접,500,9.5,1.3,2
2016-03-22,2016-03-23,2016-03-23,대구,수성구갑,대구수성구갑,0.369,0.463,0,0,0,0,0,0.443509615,0.510750236,0,0,0,0,0,0.168,코리아리서치센터,"KBS,연합뉴스",유선RDD,전화면접,500,15.7,1.68,3
2016-04-03,2016-04-04,2016-04-04,대구,수성구갑,대구수성구갑,0.285,0.556,0,0,0,0,0,0.338882283,0.62131077,0,0,0,0,0,0.159,코리아리서치센터,"KBS,연합뉴스",유선RDD,전화면접,500,21.2,1.77,3
2016-03-27,2016-03-28,2016-03-28,대구,수성구을,대구수성구을,0.262,0.145,0,0,0.412,0,0,0.31990232,0.165354791,0,0,0.459177191,0,0,0.181,마크로밀엠브레인,중앙일보,유무선혼합RDD,전화면접,600,23,1.04,6
2016-03-26,2016-03-26,2016-03-26,대구,수성구을,대구수성구을,0.229,0.14,0,0,0.4,0,0,0.297789337,0.167106448,0,0,0.462483466,0,0,0.231,밀워드브라운,조선일보,유선RDD,전화면접,519,9.1,1.1,2
2016-04-05,2016-04-06,2016-04-06,대구,수성구을,대구수성구을,0.252,0.113,0,0,0.45,0,0,0.309202454,0.129557076,0,0,0.506323684,0,0,0.185,밀워드브라운,조선일보,유선RDD,전화면접,508,11.7,1.4,2
2016-03-27,2016-03-28,2016-03-28,대구,수성구을,대구수성구을,0.313,0.128,0,0,0.395,0,0,0.374401914,0.142633973,0,0,0.433096993,0,0,0.164,리얼미터,"영남일보, 대구MBC",유선/스마트폰앱혼합,ARS,520,7.1,2.26,2
2016-04-05,2016-04-05,2016-04-05,대구,수성구을,대구수성구을,0.364,0.13,0,0,0.44,0,0,0.389721627,0.135455945,0,0,0.455874662,0,0,0.066,폴스미스,"매일신문,TBC",유선RDD,ARS,1062,2.6,2.39,2
2016-04-04,2016-04-05,2016-04-05,대구,수성구을,대구수성구을,0.269,0.121,0,0,0.404,0,0,0.338790932,0.140080192,0,0,0.457597931,0,0,0.206,리서치앤리서치,동아일보,유선RDD,전화면접,500,9.4,1.83,2
2016-04-05,2016-04-06,2016-04-06,대구,수성구을,대구수성구을,0.258,0.154,0,0,0.475,0,0,0.290868095,0.167415308,0,0,0.508955799,0,0,0.113,마크로밀엠브레인,YTN,유무선혼합RDD,전화면접,503,21.8,1.5,4
2016-03-29,2016-03-30,2016-03-30,대구,수성구을,대구수성구을,0.259,0.071,0,0,0.389,0,0,0.360222531,0.086561875,0,0,0.465431034,0,0,0.281,한국갤럽조사연구소,"TBC,매일신문",유선RDD,전화면접,500,18.7,2.38,2
2016-04-01,2016-04-02,2016-04-02,대구,수성구을,대구수성구을,0.222,0.109,0,0,0.487,0,0,0.271393643,0.125663822,0,0,0.550869168,0,0,0.182,코리아리서치센터,"KBS,연합뉴스",유선RDD,전화면접,500,22.3,2.14,3
2016-03-26,2016-03-26,2016-03-26,대구,달성군,대구달성군,0.323,0.107,0,0,0.26,0,0,0.468115942,0.128125922,0,0,0.30365252,0,0,0.31,밀워드브라운,조선일보,유선RDD,전화면접,512,10.9,1.1,2
2016-03-28,2016-03-29,2016-03-30,인천,중구동구강화군옹진군,인천중구동구강화군옹진군,0.266,0,0.085,0.111,0.263,0,0,0.366896552,0,0.102918459,0.13154542,0.304271217,0,0,0.275,마크로밀엠브레인,중앙일보,유무선혼합RDD,전화면접,600,22.7,1.02,5
2016-04-02,2016-04-03,2016-04-03,인천,중구동구강화군옹진군,인천중구동구강화군옹진군,0.309,0,0.116,0.146,0.318,0,0,0.347581552,0,0.12505639,0.155876666,0.335969458,0,0,0.111,리얼미터,중부일보,유선/스마트폰앱혼합,ARS,511,3.5,2.02,4
2016-04-02,2016-04-03,2016-04-04,인천,중구동구강화군옹진군,인천중구동구강화군옹진군,0.32,0,0.116,0.094,0.26,0,0,0.405063291,0,0.13256184,0.105425472,0.287912991,0,0,0.21,모노커뮤니케이션즈,인천일보,유선/스마트폰앱혼합,ARS,552,4.6,2.37,4
2016-03-25,2016-03-26,2016-03-26,인천,중구동구강화군옹진군,인천중구동구강화군옹진군,0.254,0,0.119,0.111,0.259,0,0,0.341857335,0,0.143225551,0.129811977,0.296374325,0,0,0.257,한길리서치센터,"경기일보,기호일보",유선/스마트폰앱혼합,전화면접,500,19.2,1.55,3
2016-04-01,2016-04-02,2016-04-02,인천,남구갑,인천남구갑,0.343,0.153,0.054,0,0,0,0,0.623636364,0.184196126,0.062657188,0,0,0,0,0.45,한국CNR,경인일보,유선/인터넷혼합,전화면접,505,22.8,1.65,4
2016-04-04,2016-04-05,2016-04-05,인천,남구을,인천남구을,0.131,0,0.201,0.202,0.348,0,0,0.148526077,0,0.223450998,0.219094385,0.370578827,0,0,0.118,조원씨앤아이,국민의당,유선/스마트폰앱혼합,ARS,501,3.6,1.6,2
2016-03-26,2016-03-26,2016-03-26,인천,남구을,인천남구을,0.101,0,0.11,0.076,0.316,0,0,0.167495854,0,0.164302735,0.105001586,0.419766108,0,0,0.397,한국CNR,경인일보,유무선혼합RDD,전화면접,516,22.5,1.49,4
2016-04-05,2016-04-06,2016-04-06,인천,남구을,인천남구을,0.068,0,0.104,0.128,0.378,0,0,0.100294985,0,0.146418041,0.170051528,0.475612555,0,0,0.322,한길리서치센터,"경기일보,기호일보",유선/스마트폰앱혼합,전화면접,500,16,1.53,4
2016-03-25,2016-03-26,2016-03-27,인천,남구을,인천남구을,0.142,0,0.128,0.109,0.43,0,0,0.17552534,0,0.151924214,0.125800746,0.486838216,0,0,0.191,리얼미터,경기신문,유선/스마트폰앱혼합,전화면접,500,16,1.53,4
2016-03-26,2016-03-27,2016-03-28,인천,남구을,인천남구을,0.128,0,0.139,0.088,0.434,0,0,0.162230672,0,0.168846964,0.10315591,0.499865505,0,0,0.211,TNS,SBS,유선RDD,전화면접,504,8.2,2.28,3
2016-03-28,2016-03-28,2016-03-28,인천,연수구을,인천연수구을,0.405,0.275,0.116,0,0,0,0,0.50879397,0.30562552,0.124674946,0,0,0,0,0.204,리얼미터,중부일보,유선/스마트폰앱혼합,ARS,508,2.1,1.94,4
2016-04-03,2016-04-04,2016-04-04,인천,남동구갑,인천남동구갑,0.33,0.373,0.11,0,0,0,0,0.405904059,0.419617839,0.117581427,0,0,0,0,0.187,한국리서치,한겨레신문,유선RDD,전화면접,500,7.3,2,2
2016-04-02,2016-04-03,2016-04-03,인천,남동구갑,인천남동구갑,0.328,0.332,0.124,0,0,0,0,0.418367347,0.379703109,0.134479962,0,0,0,0,0.216,모노커뮤니케이션즈,인천일보,유선/스마트폰앱혼합,ARS,501,3.4,2.16,3
2016-04-01,2016-04-02,2016-04-03,인천,남동구갑,인천남동구갑,0.29,0.403,0.106,0,0,0,0,0.362953692,0.462180508,0.113839659,0,0,0,0,0.201,마크로밀엠브레인,YTN,유무선혼합RDD,전화면접,505,11.5,1.43,3
2016-04-05,2016-04-06,2016-04-06,인천,남동구갑,인천남동구갑,0.302,0.345,0.076,0,0,0,0,0.417704011,0.411348933,0.083972988,0,0,0,0,0.277,리얼미터,MBN,유선RDD,전화면접,512,9,2.21,3
2016-03-22,2016-03-23,2016-03-24,인천,남동구갑,인천남동구갑,0.306,0.316,0.08,0,0,0,0,0.435897436,0.379854519,0.089310439,0,0,0,0,0.298,코리아리서치센터,"KBS,연합뉴스",유선RDD,전화면접,500,11.2,2,3
2016-03-26,2016-03-26,2016-03-26,인천,남동구을,인천남동구을,0.328,0.364,0,0,0,0,0,0.473988439,0.434373534,0,0,0,0,0,0.308,밀워드브라운,조선일보,유선RDD,전화면접,517,10.2,1.1,3
2016-04-04,2016-04-05,2016-04-05,인천,남동구을,인천남동구을,0.332,0.357,0,0,0,0,0,0.481857765,0.425578704,0,0,0,0,0,0.311,리서치앤리서치,동아일보,유선RDD,전화면접,500,7.8,1.51,3
2016-03-20,2016-03-21,2016-03-21,인천,부평구갑,인천부평구갑,0.242,0.21,0.173,0,0.109,0,0,0.329700272,0.255567641,0.199476998,0,0.121958736,0,0,0.266,리얼미터,중부일보,유선/스마트폰앱혼합,ARS,510,2.7,1.87,4
2016-04-01,2016-04-02,2016-04-02,인천,부평구갑,인천부평구갑,0.291,0.198,0.183,0,0.069,0,0,0.392712551,0.234955561,0.208033004,0,0.076268282,0,0,0.259,밀워드브라운,조선일보,유선RDD,전화면접,519,10.7,1.7,3
2016-03-26,2016-03-26,2016-03-26,인천,부평구갑,인천부평구갑,0.359,0.24,0.179,0,0.12,0,0,0.399777283,0.255651691,0.187546695,0,0.12461374,0,0,0.102,시대정신연구소,정유섭 후보,유선RDD,ARS,731,1.2,2.41,3
2016-04-02,2016-04-03,2016-04-03,인천,부평구갑,인천부평구갑,0.306,0.176,0.222,0,0.104,0,0,0.378712871,0.199838115,0.245425635,0,0.112071789,0,0,0.192,모노커뮤니케이션즈,인천일보,유선/스마트폰앱혼합,ARS,547,4.4,2.34,4
2016-03-30,2016-03-30,2016-03-30,인천,부평구갑,인천부평구갑,0.165,0.17,0.176,0,0.051,0,0,0.293594306,0.246164787,0.229537545,0,0.062172631,0,0,0.438,한길리서치센터,"경기일보,기호일보",유무선혼합RDD,전화면접,500,11.3,1.49,4
2016-04-01,2016-04-02,2016-04-03,인천,계양구갑,인천계양구갑,0.308,0.34,0.155,0,0,0,0,0.383561644,0.38699618,0.167466576,0,0,0,0,0.197,마크로밀엠브레인,YTN,유무선혼합RDD,전화면접,503,14.1,1.24,3
2016-03-22,2016-03-23,2016-03-23,인천,계양구을,인천계양구을,0.254,0.394,0.097,0,0,0,0,0.340939597,0.473592075,0.106414295,0,0,0,0,0.255,마크로밀엠브레인,중앙일보,유무선혼합RDD,전화면접,600,15,1.05,3
2016-04-01,2016-04-03,2016-04-05,인천,계양구을,인천계양구을,0.473,0.272,0.181,0,0,0,0,0.510799136,0.28221648,0.185828643,0,0,0,0,0.074,윈폴,윤형선,유선RDD,ARS,500,0.6,2.45,2
2016-04-01,2016-04-02,2016-04-03,인천,계양구을,인천계양구을,0.295,0.402,0.162,0,0,0,0,0.343422584,0.443012998,0.170807594,0,0,0,0,0.141,포커스컴퍼니,문화일보,유선RDD,전화면접,500,6.6,1.92,3
2016-03-19,2016-03-20,2016-03-20,인천,계양구을,인천계양구을,0.219,0.354,0.107,0,0,0,0,0.322058824,0.452073317,0.12143468,0,0,0,0,0.32,리서치앤리서치,동아일보,유선RDD,전화면접,503,9.4,1.79,2
2016-03-17,2016-03-18,2016-03-19,인천,계양구을,인천계양구을,0.218,0.298,0.108,0,0,0,0,0.349358974,0.39451441,0.126779404,0,0,0,0,0.376,한국CNR/케이엠조사연구소,경인일보,유무선혼합RDD,전화면접,508,13.6,1.47,3
2016-03-28,2016-03-30,2016-03-31,인천,계양구을,인천계양구을,0.249,0.371,0.116,0,0,0,0,0.338315217,0.449525214,0.128341238,0,0,0,0,0.264,한길리서치센터,"경기일보,기호일보",유무선혼합RDD,전화면접,500,8.4,1.6,3
2016-04-02,2016-04-03,2016-04-03,인천,서구갑,인천서구갑,0.496,0.27,0.06,0,0.032,0,0,0.578088578,0.287206978,0.062676568,0,0.033334301,0,0,0.142,모노커뮤니케이션즈,인천일보,유선/스마트폰앱혼합,ARS,500,3.5,1.87,3
2016-03-16,2016-03-16,2016-03-16,인천,서구갑,인천서구갑,0.383,0.234,0,0,0,0,0,0.620745543,0.273765686,0,0,0,0,0,0.383,한국CNR/케이엠조사연구소,경인일보,유무선혼합RDD,전화면접,527,12.1,1.14,3
2016-04-02,2016-04-03,2016-04-04,인천,서구을,인천서구을,0.368,0.356,0.098,0,0,0,0,0.447688564,0.394814811,0.10419952,0,0,0,0,0.178,모노커뮤니케이션즈,인천일보,유선/스마트폰앱혼합,ARS,500,2.4,2.28,3
2016-04-01,2016-04-02,2016-04-03,인천,서구을,인천서구을,0.359,0.341,0.111,0,0,0,0,0.442663379,0.381148942,0.118740412,0,0,0,0,0.189,포커스컴퍼니,문화일보,유선RDD,전화면접,500,7.8,1.97,3
2016-04-04,2016-04-05,2016-04-05,인천,서구을,인천서구을,0.278,0.251,0.091,0,0,0,0,0.448387097,0.317565913,0.106190187,0,0,0,0,0.38,한국CNR,경인일보,유선/인터넷혼합,전화면접,501,24.2,1.3,3
2016-03-28,2016-03-29,2016-03-29,인천,서구을,인천서구을,0.267,0.26,0.131,0,0.061,0,0,0.371349096,0.315783428,0.149010526,0,0.067993616,0,0,0.281,한길리서치센터,"경기일보,기호일보",유선/스마트폰앱혼합,전화면접,500,19,1.58,3
2016-03-29,2016-03-30,2016-03-31,인천,서구을,인천서구을,0.327,0.278,0.123,0,0.1,0,0,0.394927536,0.310292952,0.132511619,0,0.106640265,0,0,0.172,마크로밀엠브레인,YTN,유무선혼합RDD,전화면접,509,16,1.31,3
2016-03-27,2016-03-28,2016-03-28,광주,동구남구갑,광주동구남구갑,0.012,0.165,0.393,0,0,0.023,0,0.020236088,0.274434625,0.552998728,0,0,0.026416455,0,0.407,마크로밀엠브레인,중앙일보,유무선혼합RDD,전화면접,600,21.5,1.16,3
2016-03-30,2016-04-01,2016-04-02,광주,동구남구갑,광주동구남구갑,0.038,0.199,0.393,0,0.111,0.021,0,0.049868766,0.257149543,0.472345374,0,0.121795505,0.022772641,0,0.238,한국리서치,광주방송,유선RDD,전화면접,500,14.9,1.97,2
2016-04-01,2016-04-02,2016-04-03,광주,동구남구갑,광주동구남구갑,0.021,0.209,0.444,0,0.124,0.018,0,0.025735294,0.254649704,0.512474247,0,0.132640288,0.019077911,0,0.184,밀워드브라운,광주KBS,유선RDD,전화면접,510,12.2,1.7,3
2016-04-01,2016-04-02,2016-04-02,광주,동구남구갑,광주동구남구갑,0.029,0.176,0.503,0,0.125,0.031,0,0.033564815,0.202633122,0.561886907,0,0.131015602,0.032288288,0,0.136,코리아리서치센터,"KBS,연합뉴스",유선RDD,전화면접,500,17.8,2.11,2
2016-03-28,2016-03-29,2016-03-29,광주,동구남구을,광주동구남구을,0.045,0.267,0.408,0,0,0,0,0.0625,0.362033898,0.490070135,0,0,0,0,0.28,마크로밀엠브레인,중앙일보,유무선혼합RDD,전화면접,600,19.9,1.02,3
2016-04-03,2016-04-04,2016-04-05,광주,동구남구을,광주동구남구을,0.074,0.273,0.485,0,0,0,0,0.088942308,0.322336005,0.54112656,0,0,0,0,0.168,리얼미터,무등일보,유선/스마트폰앱혼합,ARS,515,5.1,2.18,2
2016-03-30,2016-04-01,2016-04-02,광주,동구남구을,광주동구남구을,0.03,0.312,0.433,0,0,0,0,0.038709677,0.398106606,0.49780627,0,0,0,0,0.225,한국리서치,광주방송,유선RDD,전화면접,500,9.3,1.91,3
2016-04-01,2016-04-02,2016-04-03,광주,동구남구을,광주동구남구을,0.033,0.32,0.448,0,0,0,0,0.041198502,0.395453031,0.506414089,0,0,0,0,0.199,밀워드브라운,광주KBS,유선RDD,전화면접,746,11.4,1.7,3
2016-04-01,2016-04-02,2016-04-02,광주,동구남구을,광주동구남구을,0.034,0.304,0.361,0,0,0,0,0.048640916,0.425984544,0.432011729,0,0,0,0,0.301,코리아리서치센터,"KBS,연합뉴스",유선RDD,전화면접,500,10.5,2.12,2
2016-04-03,2016-04-04,2016-04-04,광주,서구갑,광주서구갑,0.053,0.346,0.47,0.049,0,0,0,0.057734205,0.374972552,0.493849599,0.050227749,0,0,0,0.082,리얼미터,무등일보,유선/스마트폰앱혼합,ARS,715,2.3,2.34,2
2016-03-30,2016-04-01,2016-04-02,광주,서구갑,광주서구갑,0.025,0.294,0.349,0.034,0,0,0,0.035612536,0.412566416,0.419885512,0.03769132,0,0,0,0.298,한국리서치,광주방송,유선RDD,전화면접,500,9.8,1.98,3
2016-04-01,2016-04-02,2016-04-03,광주,서구갑,광주서구갑,0.023,0.316,0.394,0.016,0,0,0,0.03070761,0.417598549,0.459043659,0.01732821,0,0,0,0.251,밀워드브라운,광주KBS,유선RDD,전화면접,513,10.7,1.7,3
2016-03-17,2016-03-18,2016-03-19,광주,서구을,광주서구을,0.028,0.241,0.395,0.054,0,0,0,0.038997214,0.330591112,0.482538032,0.059594337,0,0,0,0.282,마크로밀엠브레인,중앙일보,유무선혼합RDD,전화면접,600,19.9,1.05,3
2016-04-03,2016-04-04,2016-04-04,광주,서구을,광주서구을,0.012,0.279,0.461,0.06,0.067,0,0,0.013651877,0.316810771,0.501925692,0.062539847,0.069651769,0,0,0.121,포커스컴퍼니,문화일보,유선RDD,전화면접,500,10.3,1.9,2
2016-03-30,2016-04-01,2016-04-02,광주,서구을,광주서구을,0.023,0.222,0.457,0.057,0.071,0,0,0.027710843,0.265960364,0.520103534,0.060524027,0.075108529,0,0,0.17,한국리서치,광주방송,유선RDD,전화면접,500,11.6,2.07,3
2016-04-01,2016-04-02,2016-04-03,광주,서구을,광주서구을,0.019,0.29,0.427,0.052,0.062,0,0,0.022352941,0.339835941,0.472769327,0.054796934,0.065142805,0,0,0.15,밀워드브라운,광주KBS,유선RDD,전화면접,510,11.4,1.6,2
2016-03-22,2016-03-23,2016-03-23,광주,서구을,광주서구을,0.044,0.212,0.486,0.095,0,0,0,0.052568698,0.250718836,0.549594992,0.10022339,0,0,0,0.163,코리아리서치센터,"KBS,연합뉴스",유선RDD,전화면접,500,14.1,1.79,3
2016-03-30,2016-04-01,2016-04-02,광주,북구갑,광주북구갑,0,0.156,0.552,0,0.032,0,0,0,0.210810811,0.694504897,0,0.034140045,0,0,0.26,한국리서치,광주방송,유선RDD,전화면접,500,11.3,2,3
2016-04-01,2016-04-02,2016-04-03,광주,북구갑,광주북구갑,0,0.198,0.511,0,0.051,0,0,0,0.260526316,0.621256719,0,0.054675094,0,0,0.24,밀워드브라운,광주KBS,유선RDD,전화면접,513,10.8,1.6,3
2016-04-05,2016-04-06,2016-04-06,광주,북구갑,광주북구갑,0,0.182,0.544,0,0.05,0,0,0,0.234536082,0.656579733,0,0.053128424,0,0,0.224,리얼미터,MBN,유선RDD,전화면접,509,10.3,2.38,2
2016-04-03,2016-04-04,2016-04-04,광주,북구을,광주북구을,0.039,0.331,0.499,0,0.022,0,0,0.043771044,0.369514065,0.534098205,0,0.022694841,0,0,0.109,리얼미터,무등일보,유선/스마트폰앱혼합,ARS,514,2.1,1.94,2
2016-03-30,2016-04-01,2016-04-02,광주,북구을,광주북구을,0.015,0.292,0.328,0,0.014,0.002,0,0.023041475,0.443067715,0.404883693,0,0.015783667,0.002250284,0,0.349,한국리서치,광주방송,유선RDD,전화면접,500,12,1.98,2
2016-04-01,2016-04-02,2016-04-03,광주,북구을,광주북구을,0.027,0.291,0.351,0,0.035,0.012,0,0.037709497,0.400435114,0.419783845,0,0.038677091,0.013207051,0,0.284,밀워드브라운,광주KBS,유선RDD,전화면접,515,10.7,1.5,3
2016-03-30,2016-04-01,2016-04-02,광주,광산구갑,광주광산구갑,0.049,0.274,0.406,0.051,0,0,0,0.062820513,0.345166188,0.469371379,0.054935699,0,0,0,0.22,리얼미터,서울경제,유선RDD,전화면접/ARS,507,4.7,2.33,2
2016-03-30,2016-04-01,2016-04-02,광주,광산구갑,광주광산구갑,0.043,0.315,0.356,0.039,0,0,0,0.057104914,0.410634835,0.412638922,0.042419953,0,0,0,0.247,한국리서치,광주방송,유선RDD,전화면접,500,11.8,1.94,3
2016-04-01,2016-04-02,2016-04-03,광주,광산구갑,광주광산구갑,0.04,0.277,0.377,0.039,0,0,0,0.054570259,0.370533735,0.448220437,0.042747951,0,0,0,0.267,밀워드브라운,광주KBS,유선RDD,전화면접,510,11.3,1.4,2
2016-03-31,2016-04-02,2016-04-03,광주,광산구갑,광주광산구갑,0.049,0.237,0.436,0.025,0,0,0,0.065595716,0.310373664,0.520927062,0.027118013,0,0,0,0.253,리얼미터,MBN,유선RDD,전화면접,507,10.7,2.3,3
2016-04-03,2016-04-04,2016-04-04,광주,광산구을,광주광산구을,0.032,0.394,0.329,0.027,0.016,0,0,0.040100251,0.488772953,0.365201228,0.028813079,0.017041445,0,0,0.202,마크로밀엠브레인,중앙일보,유무선혼합RDD,전화면접,600,21.5,1.05,3
2016-04-03,2016-04-04,2016-04-05,광주,광산구을,광주광산구을,0.037,0.352,0.441,0.052,0,0,0,0.041950113,0.396865612,0.47326954,0.053937138,0,0,0,0.118,리얼미터,무등일보,유선/스마트폰앱혼합,ARS,702,1.6,2.31,2
2016-03-29,2016-03-30,2016-03-30,광주,광산구을,광주광산구을,0.02,0.351,0.23,0.025,0.008,0,0,0.031545741,0.543725994,0.274374037,0.028323933,0.009029654,0,0,0.366,한길리서치센터,광주타임즈,유선/스마트폰앱혼합,전화면접,500,15,1.84,3
2016-03-30,2016-04-01,2016-04-02,광주,광산구을,광주광산구을,0.047,0.374,0.336,0.033,0.011,0,0,0.058676654,0.460207634,0.373796722,0.035230777,0.011715691,0,0,0.199,한국리서치,광주방송,유선RDD,전화면접,500,10.7,1.94,3
2016-04-01,2016-04-02,2016-04-03,광주,광산구을,광주광산구을,0.024,0.391,0.361,0.023,0.026,0,0,0.029090909,0.471032746,0.396649398,0.024318731,0.027452461,0,0,0.175,밀워드브라운,광주KBS,유선RDD,전화면접,713,12.6,1.4,3
2016-04-03,2016-04-04,2016-04-05,광주,광산구을,광주광산구을,0.028,0.403,0.358,0.034,0.007,0,0,0.03373494,0.482210305,0.391280246,0.03585645,0.007367786,0,0,0.17,마크로밀엠브레인,YTN,유무선혼합RDD,전화면접,503,16.3,1.41,3
2016-03-28,2016-03-29,2016-03-29,대전,동구,대전동구,0.39,0.212,0.146,0,0.031,0.027,0,0.483870968,0.235589332,0.158101003,0,0.033135188,0.028793965,0,0.194,리얼미터,충청투데이,유선/스마트폰앱혼합,ARS,508,4.1,1.8,4
2016-04-04,2016-04-05,2016-04-05,대전,중구,대전중구,0.484,0.268,0.142,0,0.041,0,0,0.517647059,0.276674561,0.145295056,0,0.041810425,0,0,0.065,리얼미터,충청투데이,유선/스마트폰앱혼합,ARS,513,2.6,2.49,2
2016-03-28,2016-03-29,2016-03-29,대전,서구갑,대전서구갑,0.351,0.355,0.102,0,0,0,0,0.434405941,0.39824729,0.109131383,0,0,0,0,0.192,리얼미터,충청투데이,유선/스마트폰앱혼합,ARS,506,3.8,2.5,4
2016-04-03,2016-04-04,2016-04-04,대전,서구갑,대전서구갑,0.342,0.404,0.054,0,0,0,0,0.4275,0.456239413,0.057585294,0,0,0,0,0.2,포커스컴퍼니,문화일보,유선RDD,전화면접,500,11.2,1.9,3
2016-04-04,2016-04-05,2016-04-06,대전,서구갑,대전서구갑,0.438,0.366,0.066,0,0,0,0,0.503448276,0.391256267,0.068699581,0,0,0,0,0.13,리얼미터,굿모닝충청,유선/스마트폰앱혼합,ARS,519,3.2,2.28,3
2016-03-29,2016-03-30,2016-03-31,대전,서구갑,대전서구갑,0.321,0.435,0.08,0,0,0,0,0.383971292,0.48388642,0.084400854,0,0,0,0,0.164,마크로밀엠브레인,YTN,유무선혼합RDD,전화면접,511,18.4,1.39,3
2016-03-31,2016-03-31,2016-03-31,대전,서구을,대전서구을,0.324,0.347,0.093,0.029,0,0,0,0.408575032,0.395407786,0.100433829,0.031068655,0,0,0,0.207,마크로밀엠브레인,중앙일보,유무선혼합RDD,전화면접,600,18.9,1.1,3
2016-03-29,2016-03-29,2016-03-29,대전,서구을,대전서구을,0.3,0.356,0.061,0.024,0,0,0,0.4048583,0.420874277,0.066979047,0.026180534,0,0,0,0.259,밀워드브라운,조선일보,유선RDD,전화면접,515,12,1.1,2
2016-04-02,2016-04-03,2016-04-03,대전,서구을,대전서구을,0.403,0.246,0.1,0.083,0,0,0,0.484375,0.269330779,0.106757108,0.087973784,0,0,0,0.168,충청한길리서치,대전일보,유선/스마트폰앱혼합,ARS,500,4.1,1.3,2
2016-04-01,2016-04-02,2016-04-02,대전,유성구갑,대전유성구갑,0.361,0.249,0.164,0.075,0,0,0,0.425206125,0.272665714,0.175050624,0.079120395,0,0,0,0.151,충청한길리서치,대전일보,유선/스마트폰앱혼합,ARS,523,3.4,1.5,3
2016-04-01,2016-04-02,2016-04-02,대전,유성구을,대전유성구을,0.284,0.332,0.114,0.1,0,0,0,0.342168675,0.37380287,0.122584396,0.106546659,0,0,0,0.17,충청한길리서치,대전일보,유선/스마트폰앱혼합,ARS,514,3.4,1.9,2
2016-04-03,2016-04-04,2016-04-05,대전,유성구을,대전유성구을,0.254,0.486,0.062,0.051,0,0,0,0.297772567,0.541943429,0.065077106,0.053358828,0,0,0,0.147,마크로밀엠브레인,YTN,유무선혼합RDD,전화면접,503,13.6,1.33,3
2016-04-04,2016-04-05,2016-04-06,울산,중구,울산중구,0.521,0.114,0.036,0,0,0,0,0.776453055,0.123049948,0.038481972,0,0,0,0,0.329,한국갤럽조사연구소,"ubc울산방송, 울산mbc",유선RDD,전화면접,519,14.4,1.72,3
2016-03-29,2016-03-30,2016-03-30,울산,남구갑,울산남구갑,0.362,0.23,0,0,0.296,0,0,0.407657658,0.24634297,0,0,0.311578742,0,0,0.112,폴리컴,"시사오늘, 울산광역매일",유선RDD,ARS,800,2,2.46,2
2016-04-04,2016-04-05,2016-04-06,울산,남구갑,울산남구갑,0.441,0.181,0,0,0.144,0,0,0.575718016,0.200950794,0,0,0.156408036,0,0,0.234,한국갤럽조사연구소,"ubc울산방송, 울산mbc",유선RDD,전화면접,500,15.1,2.46,2
2016-03-29,2016-03-30,2016-03-30,울산,남구을,울산남구을,0.451,0.141,0,0,0.314,0,0,0.497792494,0.147986052,0,0,0.327158802,0,0,0.094,폴리컴,"시사오늘, 울산광역매일",유선RDD,ARS,810,2,2,2
2016-04-04,2016-04-05,2016-04-06,울산,남구을,울산남구을,0.468,0.092,0,0,0.231,0,0,0.591656131,0.100584249,0,0,0.250205694,0,0,0.209,한국갤럽조사연구소,"ubc울산방송, 울산mbc",유선RDD,전화면접,500,14.1,2.36,3
2016-04-04,2016-04-05,2016-04-06,울산,동구,울산동구,0.342,0,0.054,0.326,0,0,0,0.473684211,0,0.06325524,0.377778533,0,0,0,0.278,한국갤럽조사연구소,"ubc울산방송, 울산mbc",유선RDD,전화면접,507,13.1,2.42,3
2016-04-04,2016-04-05,2016-04-06,울산,북구,울산북구,0.337,0,0,0,0.477,0,0,0.414004914,0,0,0,0.535350583,0,0,0.186,한국갤럽조사연구소,"ubc울산방송, 울산mbc",유선RDD,전화면접,506,13.5,2.47,3
2016-03-29,2016-03-30,2016-03-30,울산,울주군,울산울주군,0.337,0.168,0.043,0,0.385,0.028,0,0.350676379,0.172364904,0.043920518,0,0.392872457,0.028344836,0,0.039,폴리컴,"시사오늘, 울산광역매일",유선RDD,ARS,752,3.1,2,2
2016-03-23,2016-03-23,2016-03-23,울산,울주군,울산울주군,0.338,0.12,0.039,0,0.411,0,0,0.372246696,0.127355183,0.041069843,0,0.431871612,0,0,0.092,한국사회여론연구소,부산일보,유선RDD,ARS,790,2.8,1.9,2
2016-03-31,2016-04-01,2016-04-01,울산,울주군,울산울주군,0.274,0.183,0.026,0,0.302,0.005,0,0.346835443,0.212091427,0.029150372,0,0.337401049,0.005373581,0,0.21,마크로밀엠브레인,YTN,유무선혼합RDD,전화면접,501,21.5,1.4,3
2016-04-04,2016-04-05,2016-04-06,울산,울주군,울산울주군,0.227,0.117,0.042,0,0.385,0,0,0.294422827,0.139547727,0.048782156,0,0.443674788,0,0,0.229,한국갤럽조사연구소,"ubc울산방송, 울산mbc",유선RDD,전화면접,504,15.4,2.15,3
2016-03-26,2016-03-27,2016-03-28,세종,세종특별자치시,세종세종특별자치시,0.354,0.141,0.056,0,0.269,0,0,0.431707317,0.157066783,0.061284293,0,0.292690869,0,0,0.18,코리아리서치센터,한국일보,유선RDD,전화면접,500,14.3,1.45,3
2016-03-30,2016-03-31,2016-03-31,세종,세종특별자치시,세종세종특별자치시,0.317,0.105,0.064,0,0.291,0,0,0.407979408,0.120970612,0.072402284,0,0.326104386,0,0,0.223,마크로밀엠브레인,중앙일보,유무선혼합RDD,전화면접,600,14.5,1.73,3
2016-04-05,2016-04-06,2016-04-06,세종,세종특별자치시,세종세종특별자치시,0.352,0.072,0.046,0,0.345,0,0,0.43190184,0.080455751,0.050921142,0,0.379839346,0,0,0.185,밀워드브라운,조선일보,유선RDD,전화면접,509,12.4,1.6,2
2016-03-30,2016-04-01,2016-04-02,세종,세종특별자치시,세종세종특별자치시,0.424,0.04,0.037,0,0.341,0,0,0.503562945,0.043404523,0.040001407,0,0.367469221,0,0,0.158,리얼미터,서울경제,유선RDD,전화면접/ARS,508,8.8,2.44,2
2016-04-03,2016-04-04,2016-04-04,세종,세종특별자치시,세종세종특별자치시,0.392,0.089,0.03,0,0.319,0,0,0.472289157,0.097771131,0.032642037,0,0.346098726,0,0,0.17,포커스컴퍼니,문화일보,유선RDD,전화면접,500,8.9,1.8,3
2016-03-31,2016-04-01,2016-04-01,세종,세종특별자치시,세종세종특별자치시,0.357,0.103,0.053,0,0.306,0,0,0.435897436,0.114712434,0.058266738,0,0.334471335,0,0,0.181,리서치앤리서치,동아일보,유선RDD,전화면접,500,9.1,2,2
2016-04-02,2016-04-03,2016-04-03,세종,세종특별자치시,세종세종특별자치시,0.334,0.11,0.084,0,0.299,0,0,0.403869407,0.122648848,0.092356585,0,0.325752474,0,0,0.173,충청한길리서치,대전일보,유선/스마트폰앱혼합,ARS,510,4.6,1.4,2
2016-04-01,2016-04-02,2016-04-02,세종,세종특별자치시,세종세종특별자치시,0.343,0.107,0.065,0,0.323,0,0,0.409307876,0.118322535,0.070989342,0,0.350469919,0,0,0.162,마크로밀엠브레인,YTN,유무선혼합RDD,전화면접,504,11.8,1.7,3
2016-04-02,2016-04-04,2016-04-05,세종,세종특별자치시,세종세종특별자치시,0.429,0.081,0.066,0,0.28,0,0,0.501168224,0.087268663,0.070630773,0,0.298168079,0,0,0.144,TNS,SBS,유선RDD,전화면접,549,12.9,2.26,2
2016-03-25,2016-03-26,2016-03-26,세종,세종특별자치시,세종세종특별자치시,0.327,0.073,0.049,0,0.288,0,0,0.443690638,0.08551107,0.05656881,0,0.329605994,0,0,0.263,리얼미터,MBN,유선RDD,전화면접,504,14.6,2.38,3
2016-04-03,2016-04-04,2016-04-05,세종,세종특별자치시,세종세종특별자치시,0.344,0.098,0.061,0,0.313,0,0,0.421568627,0.109672606,0.067385353,0,0.343342334,0,0,0.184,코리아리서치센터,"KBS,연합뉴스",유선RDD,전화면접,500,14.6,1.97,3
2016-03-25,2016-03-25,2016-03-25,경기,수원시갑,경기수원시갑,0.332,0.357,0.03,0,0,0,0,0.461752434,0.420617351,0.032881405,0,0,0,0,0.281,코리아리서치센터,한국일보,유선RDD,전화면접,500,10.7,1.98,3
2016-03-18,2016-03-19,2016-03-19,경기,수원시갑,경기수원시갑,0.386,0.377,0.108,0,0,0,0,0.443168772,0.40617613,0.112812007,0,0,0,0,0.129,리얼미터,중부일보,유선/스마트폰앱혼합,ARS,504,3.3,1.92,4
2016-04-01,2016-04-02,2016-04-02,경기,수원시갑,경기수원시갑,0.399,0.336,0.113,0,0,0,0,0.470518868,0.365408489,0.119081823,0,0,0,0,0.152,리얼미터,중부일보,유선/스마트폰앱혼합,ARS,512,3.9,1.51,4
2016-03-31,2016-04-01,2016-04-01,경기,수원시갑,경기수원시갑,0.34,0.397,0.056,0,0,0,0,0.428751576,0.450240193,0.059893575,0,0,0,0,0.207,리서치앤리서치,동아일보,유선RDD,전화면접,500,9.1,1.9,3
2016-03-16,2016-03-17,2016-03-17,경기,수원시갑,경기수원시갑,0.299,0.281,0.03,0,0,0,0,0.490163934,0.350739702,0.03444698,0,0,0,0,0.39,한국CNR/케이엠조사연구소,경인일보,유무선혼합RDD,전화면접,529,9.3,1.18,4
2016-03-28,2016-03-29,2016-03-29,경기,수원시갑,경기수원시갑,0.413,0.331,0.103,0,0,0,0,0.487603306,0.359156698,0.10844845,0,0,0,0,0.153,리얼미터,경기신문,유선/스마트폰앱혼합,ARS,504,3.2,1.53,4
2016-04-02,2016-04-03,2016-04-04,경기,수원시갑,경기수원시갑,0.32,0.389,0.103,0,0,0,0,0.39408867,0.439007983,0.110031373,0,0,0,0,0.188,마크로밀엠브레인,YTN,유무선혼합RDD,전화면접,506,13.6,1.78,3
2016-04-03,2016-04-04,2016-04-04,경기,수원시을,경기수원시을,0.284,0.354,0.085,0,0,0,0,0.392807746,0.42557911,0.094090366,0,0,0,0,0.277,한국리서치,한겨레신문,유무선혼합RDD,전화면접,600,10.5,2.11,3
2016-03-11,2016-03-12,2016-03-12,경기,수원시을,경기수원시을,0.319,0.37,0.131,0,0,0,0,0.38902439,0.415718944,0.139995654,0,0,0,0,0.18,리얼미터,중부일보,유선/스마트폰앱혼합,ARS,502,2.2,2.14,2
2016-04-02,2016-04-03,2016-04-03,경기,수원시을,경기수원시을,0.319,0.375,0.131,0.024,0,0,0,0.37573616,0.414027855,0.138658964,0.025198888,0,0,0,0.151,리얼미터,중부일보,유선/스마트폰앱혼합,ARS,509,2.3,1.71,3
2016-04-02,2016-04-03,2016-04-03,경기,수원시을,경기수원시을,0.265,0.236,0.084,0,0,0,0,0.452991453,0.305307386,0.099727076,0,0,0,0,0.415,마크로밀엠브레인,김상민,유선RDD,전화면접,501,8.4,1.88,3
2016-03-27,2016-03-29,2016-03-30,경기,수원시을,경기수원시을,0.317,0.318,0.12,0,0,0,0,0.41986755,0.370686594,0.13178788,0,0,0,0,0.245,리얼미터,경기신문,유선/스마트폰앱혼합,ARS,501,2.2,1.65,4
2016-03-22,2016-03-23,2016-03-23,경기,수원시을,경기수원시을,0.322,0.397,0.036,0,0.021,0,0,0.414948454,0.456874051,0.038758751,0,0.022542317,0,0,0.224,코리아리서치센터,"KBS,연합뉴스",유선RDD,전화면접,500,9.2,2.15,3
2016-03-28,2016-03-29,2016-03-30,경기,수원시병,경기수원시병,0.403,0.318,0,0,0,0,0,0.558945908,0.362622138,0,0,0,0,0,0.279,리얼미터,경기신문,유선/스마트폰앱혼합,ARS,516,2,2,3
2016-04-01,2016-04-02,2016-04-02,경기,수원시정,경기수원시정,0.304,0.319,0.149,0.104,0,0,0,0.347031963,0.347104358,0.157316319,0.108848932,0,0,0,0.124,리얼미터,중부일보,유선/스마트폰앱혼합,ARS,501,1.9,1.81,4
2016-04-03,2016-04-04,2016-04-04,경기,수원시정,경기수원시정,0.28,0.323,0.091,0.088,0,0,0,0.358056266,0.375556824,0.099713669,0.09551443,0,0,0,0.218,한국리서치,더불어민주당 경기도당,유무선혼합RDD,전화면접,600,8.8,1.78,3
2016-03-12,2016-03-13,2016-03-13,경기,수원시정,경기수원시정,0.267,0.291,0.05,0.075,0,0,0,0.390922401,0.360629473,0.05704169,0.084880655,0,0,0,0.317,한국CNR,경인일보,유선RDD,전화면접,519,8.6,2.31,3
2016-03-28,2016-03-29,2016-03-30,경기,수원시정,경기수원시정,0.288,0.268,0.104,0.118,0,0,0,0.370179949,0.311562715,0.115077006,0.12898717,0,0,0,0.222,리얼미터,경기신문,유선/스마트폰앱혼합,ARS,502,1.9,1.7,2
2016-04-02,2016-04-03,2016-04-04,경기,수원시정,경기수원시정,0.277,0.346,0.08,0.08,0,0,0,0.353767561,0.402434351,0.087316997,0.086625189,0,0,0,0.217,마크로밀엠브레인,YTN,유무선혼합RDD,전화면접,505,11.4,1.61,3
2016-03-30,2016-03-31,2016-04-01,경기,수원시무,경기수원시무,0.33,0.397,0.062,0,0,0,0,0.418250951,0.452550094,0.066466478,0,0,0,0,0.211,마크로밀엠브레인,중앙일보,유무선혼합RDD,전화면접,600,6.5,1.56,3
2016-04-02,2016-04-03,2016-04-03,경기,수원시무,경기수원시무,0.383,0.337,0.126,0,0,0,0,0.452718676,0.368016956,0.133088896,0,0,0,0,0.154,리얼미터,중부일보,유선/스마트폰앱혼합,ARS,513,2,1.76,3
2016-03-31,2016-04-01,2016-04-02,경기,수원시무,경기수원시무,0.384,0.332,0.074,0,0,0,0,0.486075949,0.372165621,0.079378567,0,0,0,0,0.21,리얼미터,서울경제,유선RDD,전화면접/ARS,510,4.5,2.32,3
2016-04-01,2016-04-02,2016-04-03,경기,수원시무,경기수원시무,0.35,0.41,0,0,0,0,0,0.460526316,0.470979444,0,0,0,0,0,0.24,포커스컴퍼니,문화일보,유선RDD,전화면접,500,6.7,1.9,3
2016-03-24,2016-03-25,2016-03-25,경기,수원시무,경기수원시무,0.276,0.314,0.078,0,0,0,0,0.413173653,0.389977987,0.088520519,0,0,0,0,0.332,리서치앤리서치,동아일보,유선RDD,전화면접,500,5.6,1.39,3
2016-04-03,2016-04-04,2016-04-04,경기,수원시무,경기수원시무,0.304,0.333,0.052,0,0,0,0,0.441219158,0.403040763,0.058018884,0,0,0,0,0.311,한국CNR,경인일보,유선/인터넷혼합,전화면접,510,21,1.47,3
2016-03-27,2016-03-28,2016-03-28,경기,수원시무,경기수원시무,0.337,0.355,0.078,0,0,0,0,0.437662338,0.407735565,0.084470627,0,0,0,0,0.23,한길리서치센터,"경기일보,기호일보",유선/스마트폰앱혼합,전화면접,500,8.9,2.12,3
2016-04-02,2016-04-03,2016-04-03,경기,수원시무,경기수원시무,0.295,0.459,0.08,0,0,0,0,0.353717026,0.514160687,0.084399073,0,0,0,0,0.166,마크로밀엠브레인,YTN,유무선혼합RDD,전화면접,507,11.7,1.61,3
2016-04-03,2016-04-04,2016-04-05,경기,성남시수정구,경기성남시수정구,0.244,0.425,0.124,0.019,0,0,0,0.300492611,0.489353616,0.132926517,0.020174718,0,0,0,0.188,마크로밀엠브레인,YTN,유무선혼합RDD,전화면접,503,13.7,1.3,4
2016-03-27,2016-03-28,2016-03-28,경기,성남시중원구,경기성남시중원구,0.388,0.27,0.088,0,0,0,0,0.520107239,0.307479529,0.096113228,0,0,0,0,0.254,마크로밀엠브레인,중앙일보,유무선혼합RDD,전화면접,600,20.1,1.04,3
2016-03-19,2016-03-20,2016-03-20,경기,성남시중원구,경기성남시중원구,0.377,0.294,0.144,0,0,0,0,0.462576687,0.326457485,0.154335183,0,0,0,0,0.185,리얼미터,중부일보,유선/스마트폰앱혼합,ARS,504,2.8,1.54,4
2016-04-02,2016-04-03,2016-04-03,경기,성남시중원구,경기성남시중원구,0.364,0.326,0.152,0,0,0,0,0.432304038,0.358122107,0.161285848,0,0,0,0,0.158,리얼미터,경기신문,유선/스마트폰앱혼합,ARS,515,2.2,1.81,4
2016-03-25,2016-03-25,2016-03-25,경기,성남시분당구갑,경기성남시분당구갑,0.386,0.275,0.086,0,0,0,0,0.516733601,0.313306907,0.093882311,0,0,0,0,0.253,코리아리서치센터,한국일보,유선RDD,전화면접,500,10,1.73,3
2016-04-03,2016-04-04,2016-04-05,경기,성남시분당구갑,경기성남시분당구갑,0.397,0.323,0.096,0,0,0,0,0.486519608,0.356701276,0.102212378,0,0,0,0,0.184,한국리서치,한겨레신문,유선RDD,전화면접,500,9.1,1.98,2
2016-03-31,2016-04-01,2016-04-02,경기,성남시분당구갑,경기성남시분당구갑,0.42,0.278,0.095,0,0,0,0,0.5296343,0.30798741,0.10186338,0,0,0,0,0.207,리얼미터,서울경제,유선RDD,전화면접/ARS,507,4.8,2.27,3
2016-03-31,2016-04-01,2016-04-02,경기,성남시분당구갑,경기성남시분당구갑,0.323,0.283,0.095,0,0,0,0,0.460770328,0.337398678,0.106362849,0,0,0,0,0.299,한길리서치센터,"경기일보,기호일보",유선/스마트폰앱혼합,전화면접,500,13.1,2.34,3
2016-03-23,2016-03-23,2016-03-23,경기,성남시분당구을,경기성남시분당구을,0.317,0.232,0,0,0.212,0,0,0.416557162,0.269592783,0,0,0.236040765,0,0,0.239,마크로밀엠브레인,중앙일보,유무선혼합RDD,전화면접,600,9.9,1.56,3
2016-04-01,2016-04-02,2016-04-02,경기,성남시분당구을,경기성남시분당구을,0.334,0.22,0.074,0,0.228,0,0,0.390186916,0.24117864,0.079282977,0,0.24290242,0,0,0.144,리얼미터,서울경제,유선RDD,전화면접/ARS,503,4.8,2.46,2
2016-03-19,2016-03-20,2016-03-20,경기,성남시분당구을,경기성남시분당구을,0.318,0.222,0,0,0.156,0,0,0.456896552,0.265901206,0,0,0.177515246,0,0,0.304,리서치앤리서치,동아일보,유선RDD,전화면접,509,7.7,2.1,3
2016-03-23,2016-03-23,2016-03-23,경기,성남시분당구을,경기성남시분당구을,0.227,0.187,0.037,0,0.159,0,0,0.372131148,0.247639103,0.045355907,0,0.192931626,0,0,0.39,한국CNR,경인일보,유무선혼합RDD,전화면접,521,16.9,1.43,3
2016-03-25,2016-03-26,2016-03-26,경기,의정부시갑,경기의정부시갑,0.374,0.248,0.153,0,0,0,0,0.482580645,0.280676134,0.166983758,0,0,0,0,0.225,리얼미터,중부일보,유선/스마트폰앱혼합,ARS,510,3,2.17,4
2016-03-29,2016-03-29,2016-03-29,경기,의정부시갑,경기의정부시갑,0.285,0.339,0.081,0,0,0,0,0.404255319,0.41128033,0.090347774,0,0,0,0,0.295,밀워드브라운,조선일보,유선RDD,전화면접,526,9.2,1.1,2
2016-03-27,2016-03-28,2016-03-28,경기,의정부시갑,경기의정부시갑,0.32,0.289,0.167,0,0,0,0,0.412371134,0.332807009,0.183078274,0,0,0,0,0.224,리얼미터,경기신문,유선/스마트폰앱혼합,ARS,504,2.7,1.65,3
2016-04-05,2016-04-06,2016-04-06,경기,의정부시갑,경기의정부시갑,0.314,0.415,0.133,0,0,0,0,0.364269142,0.454909611,0.139679655,0,0,0,0,0.138,마크로밀엠브레인,YTN,유무선혼합RDD,전화면접,511,14.8,1.43,3
2016-03-28,2016-03-29,2016-03-29,경기,의정부시을,경기의정부시을,0.411,0.223,0.144,0,0,0,0,0.528277635,0.249084743,0.156290297,0,0,0,0,0.222,리얼미터,중부일보,유선/스마트폰앱혼합,ARS,502,2.4,1.97,4
2016-03-28,2016-03-28,2016-03-28,경기,의정부시을,경기의정부시을,0.314,0.179,0.084,0,0,0,0,0.544194107,0.221755831,0.09882935,0,0,0,0,0.423,한국CNR,경인일보,유무선혼합RDD,전화면접,512,9.6,1.43,3
2016-03-29,2016-03-30,2016-03-30,경기,의정부시을,경기의정부시을,0.332,0.189,0.076,0,0,0,0,0.556113903,0.230175131,0.0881375,0,0,0,0,0.403,한길리서치센터,"경기일보,기호일보",유무선혼합RDD,전화면접,500,14.6,1.58,3
2016-03-29,2016-03-30,2016-03-31,경기,의정부시을,경기의정부시을,0.402,0.236,0.079,0,0,0,0,0.560669456,0.269508087,0.086891719,0,0,0,0,0.283,마크로밀엠브레인,YTN,유무선혼합RDD,전화면접,510,16,1.23,4
2016-03-19,2016-03-20,2016-03-20,경기,안양시만안구,경기안양시만안구,0.417,0.328,0.255,0,0,0,0,0.417,0.328,0.255,0,0,0,0,0,리얼미터,중부일보,유선/스마트폰앱혼합,ARS,509,5,1.4,4
2016-04-04,2016-04-05,2016-04-05,경기,안양시만안구,경기안양시만안구,0.391,0.265,0.14,0,0,0,0,0.49120603,0.295690936,0.151041599,0,0,0,0,0.204,리얼미터,경기신문,유선/스마트폰앱혼합,ARS,510,4.4,2.18,4
2016-03-29,2016-03-30,2016-03-31,경기,안양시만안구,경기안양시만안구,0.32,0.323,0.118,0,0,0,0,0.420499343,0.374927738,0.12918382,0,0,0,0,0.239,마크로밀엠브레인,YTN,유무선혼합RDD,전화면접,509,16.6,1.44,3
2016-03-22,2016-03-22,2016-03-22,경기,안양시동안구갑,경기안양시동안구갑,0.201,0.339,0.057,0,0,0,0,0.336683417,0.46268278,0.066560311,0,0,0,0,0.403,한국CNR/케이엠조사연구소,경인일보,유무선혼합RDD,전화면접,517,19.2,1.35,2
2016-03-28,2016-03-29,2016-03-29,경기,안양시동안구갑,경기안양시동안구갑,0.229,0.345,0.06,0,0,0,0,0.361198738,0.450274821,0.068848905,0,0,0,0,0.366,한길리서치센터,"경기일보,기호일보",유선/스마트폰앱혼합,전화면접,500,11.6,1.74,3
2016-04-01,2016-04-03,2016-04-04,경기,안양시동안구갑,경기안양시동안구갑,0.427,0.358,0.129,0,0,0,0,0.467177243,0.375192348,0.132802181,0,0,0,0,0.086,윈폴,경기남부신문,유선RDD,ARS,500,1,2.4,3
2016-04-01,2016-04-02,2016-04-03,경기,부천시원미구을,경기부천시원미구을,0.343,0.305,0.138,0,0,0,0,0.436386768,0.346832601,0.149801453,0,0,0,0,0.214,리얼미터,경기신문,유선/스마트폰앱혼합,ARS,503,3.3,1.8,4
2016-03-18,2016-03-19,2016-03-19,경기,부천시소사구,경기부천시소사구,0.254,0.318,0.06,0.013,0,0,0,0.39379845,0.405199577,0.068807495,0.014759217,0,0,0,0.355,한국CNR/케이엠조사연구소,경인일보,유무선혼합RDD,전화면접,519,23.6,1.34,3
2016-04-01,2016-04-02,2016-04-02,경기,부천시소사구,경기부천시소사구,0.258,0.242,0.078,0.018,0,0,0,0.432885906,0.313924536,0.092547501,0.020994732,0,0,0,0.404,한길리서치센터,"경기일보,기호일보",유선/스마트폰앱혼합,전화면접,500,18.6,1.91,3
2016-04-02,2016-04-04,2016-04-05,경기,부천시소사구,경기부천시소사구,0.374,0.251,0.147,0.062,0,0,0,0.448441247,0.27629745,0.157431625,0.065666118,0,0,0,0.166,리얼미터,경기신문,유선/스마트폰앱혼합,ARS,500,3.1,2.04,3
2016-03-25,2016-03-25,2016-03-25,경기,부천시오정구,경기부천시오정구,0.337,0.295,0.209,0.023,0,0,0,0.390046296,0.321684959,0.221461352,0.024053731,0,0,0,0.136,리얼미터,안병도 후보,유선/스마트폰앱혼합,ARS,515,3.5,2.13,4
2016-03-14,2016-03-15,2016-03-15,경기,광명시을,경기광명시을,0.396,0.342,0,0.058,0,0,0,0.497487437,0.38106383,0,0.061929338,0,0,0,0.204,리얼미터,중부일보,유선/스마트폰앱혼합,ARS,515,2.3,2.03,4
2016-04-02,2016-04-03,2016-04-04,경기,평택시갑,경기평택시갑,0.539,0.219,0.14,0.026,0,0,0,0.583333333,0.22616179,0.143516863,0.026557387,0,0,0,0.076,모노커뮤니케이션즈,"평택시민신문, 평택신문, 평택자치신문, 평택시사신문, 평택저널",유선RDD,ARS,700,2.7,2.35,2
2016-04-03,2016-04-04,2016-04-04,경기,평택시갑,경기평택시갑,0.44,0.204,0.157,0.062,0,0,0,0.509849363,0.218684825,0.16569323,0.064838132,0,0,0,0.137,리얼미터,최인규 후보,유선/스마트폰앱혼합,ARS,516,2.1,1.7,4
2016-03-11,2016-03-12,2016-03-12,경기,평택시갑,경기평택시갑,0.482,0.165,0.125,0.045,0,0,0,0.58996328,0.17838546,0.133212733,0.047540494,0,0,0,0.183,리얼미터,중부일보,유선/스마트폰앱혼합,ARS,508,2.1,2.11,2
2016-03-25,2016-03-26,2016-03-27,경기,평택시을,경기평택시을,0.388,0.334,0.133,0.037,0,0,0,0.434977578,0.355706044,0.13844308,0.038297254,0,0,0,0.108,모노커뮤니케이션즈,"평택시민신문, 평택신문, 평택자치신문, 평택시사신문, 평택저널",유선RDD,ARS,1000,2.5,2.41,2
2016-04-02,2016-04-03,2016-04-04,경기,평택시을,경기평택시을,0.431,0.271,0.138,0,0,0,0,0.513095238,0.293895889,0.146033117,0,0,0,0,0.16,모노커뮤니케이션즈,"평택시민신문, 평택신문, 평택자치신문, 평택시사신문, 평택저널",유선/스마트폰앱혼합,ARS,1037,4.3,1.78,2
2016-04-01,2016-04-02,2016-04-02,경기,평택시을,경기평택시을,0.319,0.249,0.109,0,0,0,0,0.471196455,0.300290719,0.123795102,0,0,0,0,0.323,밀워드브라운,조선일보,유선RDD,전화면접,530,12.3,1.5,3
2016-03-25,2016-03-26,2016-03-27,경기,동두천시연천군,경기동두천시연천군,0.528,0.134,0.075,0,0,0,0,0.71641791,0.144799445,0.080109602,0,0,0,0,0.263,리얼미터,경기신문,유선/스마트폰앱혼합,ARS,514,3.7,2.34,4
2016-04-02,2016-04-03,2016-04-03,경기,안산시상록구갑,경기안산시상록구갑,0.332,0.252,0.178,0,0.063,0,0,0.402424242,0.281430844,0.192462584,0,0.067069962,0,0,0.175,리얼미터,경기신문,유선/스마트폰앱혼합,ARS,515,2.3,1.48,4
2016-03-30,2016-03-31,2016-03-31,경기,안산시상록구을,경기안산시상록구을,0.3306,0.306,0.211,0,0,0,0,0.390042473,0.337360167,0.224850177,0,0,0,0,0.1524,ABC미디어리서치,안산저널,유선/스마트폰앱혼합,ARS,947,1.1,2.12,3
2016-03-17,2016-03-18,2016-03-19,경기,안산시상록구을,경기안산시상록구을,0.263,0.188,0.145,0,0,0,0,0.441275168,0.242807735,0.17489204,0,0,0,0,0.404,한국CNR/케이엠조사연구소,경인일보,유무선혼합RDD,전화면접,510,12.4,1.36,3
2016-03-11,2016-03-12,2016-03-12,경기,안산시단원구갑,경기안산시단원구갑,0.406,0.313,0.099,0,0,0,0,0.496332518,0.344587465,0.105328115,0,0,0,0,0.182,리얼미터,중부일보,유선/스마트폰앱혼합,ARS,503,2.4,1.71,3
2016-04-03,2016-04-04,2016-04-04,경기,안산시단원구을,경기안산시단원구을,0.345,0.197,0.22,0.047,0,0,0,0.42645241,0.221235855,0.240519102,0.050256234,0,0,0,0.191,한국리서치,한겨레신문,유선RDD,전화면접,500,9.8,1.91,3
2016-04-05,2016-04-06,2016-04-06,경기,안산시단원구을,경기안산시단원구을,0.343,0.211,0.28,0.041,0,0,0,0.392,0.228354978,0.297443586,0.04276185,0,0,0,0.125,마크로밀엠브레인,YTN,유무선혼합RDD,전화면접,506,10.7,1.66,3
2016-04-01,2016-04-03,2016-04-02,경기,고양시갑,경기고양시갑,0.396,0.061,0,0.415,0,0,0,0.45412844,0.06558234,0,0.443987604,0,0,0,0.128,포커스컴퍼니,문화일보,유선RDD,전화면접,500,9,1.98,3
2016-04-01,2016-04-02,2016-04-02,경기,고양시갑,경기고양시갑,0.235,0.076,0,0.303,0,0,0,0.382736156,0.099772079,0,0.385737522,0,0,0,0.386,한국CNR,경인일보,유선/인터넷혼합,전화면접,506,31.8,1.32,5
2016-04-04,2016-04-05,2016-04-05,경기,고양시갑,경기고양시갑,0.363,0.113,0,0.391,0,0,0,0.418685121,0.122468649,0,0.419458691,0,0,0,0.133,리얼미터,경기신문,유선/스마트폰앱혼합,ARS,512,2.3,2.05,4
2016-04-05,2016-04-06,2016-04-06,경기,고양시갑,경기고양시갑,0.343,0.087,0,0.437,0,0,0,0.39561707,0.094604594,0,0.471300463,0,0,0,0.133,마크로밀엠브레인,YTN,유무선혼합RDD,전화면접,505,14.1,1.5,3
2016-04-02,2016-04-04,2016-04-05,경기,고양시갑,경기고양시갑,0.422,0.095,0,0.364,0,0,0,0.479001135,0.101279195,0,0.385478749,0,0,0,0.119,TNS,SBS,유선RDD,전화면접,508,6.5,2.38,3
2016-04-01,2016-04-02,2016-04-02,경기,고양시갑,경기고양시갑,0.277,0.079,0,0.433,0,0,0,0.351077313,0.091532935,0,0.494512257,0,0,0,0.211,리서치앤리서치,MBC,유선RDD,전화면접,500,8.3,1.82,3
2016-04-01,2016-04-02,2016-04-03,경기,고양시갑,경기고양시갑,0.359,0.097,0,0.353,0,0,0,0.443757726,0.10853053,0,0.38993105,0,0,0,0.191,리얼미터,"CBS,국민일보",유선/스마트폰앱혼합,ARS,505,3.7,2.38,4
2016-04-01,2016-04-02,2016-04-02,경기,고양시을,경기고양시을,0.379,0.314,0.087,0,0,0,0,0.485897436,0.354043193,0.093857144,0,0,0,0,0.22,마크로밀엠브레인,YTN,유무선혼합RDD,전화면접,504,13,1.44,3
2016-03-31,2016-04-01,2016-04-02,경기,고양시병,경기고양시병,0.228,0.305,0.06,0,0,0,0,0.384485666,0.406945741,0.070469564,0,0,0,0,0.407,한길리서치센터,"경기일보,기호일보",유선/스마트폰앱혼합,전화면접,500,15.1,1.66,3
2016-03-22,2016-03-23,2016-03-23,경기,고양시정,경기고양시정,0.301,0.387,0.091,0,0,0,0,0.386392811,0.447713117,0.098367114,0,0,0,0,0.221,밀워드브라운,조선일보,유선RDD,전화면접,511,10,1.3,3
2016-03-24,2016-03-24,2016-03-24,경기,고양시정,경기고양시정,0.215,0.311,0.038,0,0,0,0,0.381205674,0.4259074,0.044964397,0,0,0,0,0.436,한국CNR,경인일보,유무선혼합RDD,전화면접,507,24.9,1.57,3
2016-04-05,2016-04-06,2016-04-06,경기,고양시정,경기고양시정,0.351,0.396,0.13,0,0,0,0,0.40022805,0.427540496,0.135732167,0,0,0,0,0.123,마크로밀엠브레인,YTN,유무선혼합RDD,전화면접,504,13.4,1.35,4
2016-04-05,2016-04-06,2016-04-06,경기,의왕시과천시,경기의왕시과천시,0.345,0.339,0.072,0.048,0,0,0,0.429104478,0.381711846,0.077351458,0.05127286,0,0,0,0.196,마크로밀엠브레인,YTN,유무선혼합RDD,전화면접,519,21.9,1.3,2
2016-03-27,2016-03-28,2016-03-28,경기,구리시,경기구리시,0.343,0.409,0.083,0,0,0,0,0.410778443,0.45304582,0.087661463,0,0,0,0,0.165,리얼미터,경기신문,유선/스마트폰앱혼합,ARS,506,2.6,1.76,4
2016-03-28,2016-03-29,2016-03-29,경기,구리시,경기구리시,0.369,0.372,0.122,0,0,0,0,0.427578216,0.403655375,0.127985419,0,0,0,0,0.137,경기동부신문,경기동부신문,유선RDD,ARS,518,1.3,2.38,3
2016-04-03,2016-04-04,2016-04-05,경기,구리시,경기구리시,0.323,0.396,0.091,0,0,0,0,0.398765432,0.447070958,0.097135424,0,0,0,0,0.19,마크로밀엠브레인,YTN,유무선혼합RDD,전화면접,501,16.4,1.35,4
2016-03-25,2016-03-25,2016-03-25,경기,남양주시갑,경기남양주시갑,0.448,0.231,0.063,0,0.014,0,0,0.592592593,0.256497779,0.068027918,0,0.015035684,0,0,0.244,코리아리서치센터,한국일보,유선RDD,전화면접,500,13.9,1.78,3
2016-03-27,2016-03-28,2016-03-28,경기,남양주시갑,경기남양주시갑,0.461,0.23,0.1,0,0.022,0,0,0.56703567,0.250262321,0.106462487,0,0.023261704,0,0,0.187,리얼미터,중부일보,유선/스마트폰앱혼합,ARS,506,2.7,1.86,4
2016-03-30,2016-03-31,2016-04-01,경기,남양주시갑,경기남양주시갑,0.309,0.219,0.097,0,0.036,0,0,0.467473525,0.267244753,0.111787434,0,0.040792937,0,0,0.339,한길리서치센터,"경기일보,기호일보",유선/스마트폰앱혼합,전화면접,500,18.4,1.94,3
2016-03-31,2016-04-01,2016-04-01,경기,남양주시갑,경기남양주시갑,0.53,0.262,0.114,0,0.019,0,0,0.572972973,0.270668714,0.116726535,0,0.019400262,0,0,0.075,경기동부신문,경기동부신문,유선RDD,ARS,500,1.7,2.49,3
2016-04-01,2016-04-02,2016-04-02,경기,남양주시갑,경기남양주시갑,0.405,0.266,0.135,0,0.02,0,0,0.49031477,0.291885975,0.14404598,0,0.021136137,0,0,0.174,리얼미터,"CBS,국민일보",유선/스마트폰앱혼합,ARS,505,3.7,2.32,4
2016-03-29,2016-03-29,2016-03-29,경기,남양주시을,경기남양주시을,0.215,0.21,0.066,0.011,0,0,0,0.428286853,0.293588508,0.082616142,0.013488798,0,0,0,0.498,한국CNR,경인일보,유무선혼합RDD,전화면접,512,25.6,1.54,3
2016-03-29,2016-03-30,2016-03-31,경기,남양주시을,경기남양주시을,0.423,0.238,0.158,0.039,0,0,0,0.493006993,0.256463585,0.166935987,0.040820318,0,0,0,0.142,경기동부신문,경기동부신문,유선RDD,ARS,557,0.9,2.45,2
2016-04-01,2016-04-02,2016-04-02,경기,남양주시병,경기남양주시병,0.366,0.243,0.077,0,0,0,0,0.533527697,0.284700779,0.086011563,0,0,0,0,0.314,밀워드브라운,조선일보,유선RDD,전화면접,512,14.4,1.4,2
2016-04-04,2016-04-05,2016-04-05,경기,남양주시병,경기남양주시병,0.403,0.308,0.168,0,0,0,0,0.45847554,0.329596642,0.17571895,0,0,0,0,0.121,리얼미터,경기신문,유선/스마트폰앱혼합,ARS,521,1.4,1.8,2
2016-04-01,2016-04-02,2016-04-03,경기,남양주시병,경기남양주시병,0.528,0.265,0.102,0,0,0,0,0.589944134,0.276923167,0.105277575,0,0,0,0,0.105,경기동부신문,경기동부신문,유선RDD,ARS,506,0.8,2.5,2
2016-04-06,2016-04-06,2016-04-06,경기,오산시,경기오산시,0.4749,0.291,0.1465,0,0,0,0,0.520495397,0.303759288,0.150913513,0,0,0,0,0.0876,윈스리서치,타임뉴스,유선RDD,ARS,824,2.2,2.43,3
2016-03-25,2016-03-26,2016-03-27,경기,오산시,경기오산시,0.374,0.299,0.092,0,0,0,0,0.488888889,0.339815633,0.09992348,0,0,0,0,0.235,리얼미터,중부일보,유선/스마트폰앱혼합,ARS,503,2.9,1.99,3
2016-03-31,2016-04-01,2016-04-01,경기,오산시,경기오산시,0.191,0.55,0.016,0,0,0,0,0.252311757,0.672115481,0.017013544,0,0,0,0,0.243,마크로밀엠브레인,YTN,유무선혼합RDD,전화면접,505,11.9,1.56,4
2016-04-04,2016-04-05,2016-04-05,경기,시흥시갑,경기시흥시갑,0.433,0.263,0.044,0,0.013,0.012,0,0.566013072,0.292868788,0.04741983,0,0.013958957,0.012871937,0,0.235,한국갤럽조사연구소,시흥신문,유선RDD,전화면접,507,11,2.08,3
2016-03-28,2016-03-29,2016-03-29,경기,시흥시갑,경기시흥시갑,0.307,0.25,0.05,0,0.017,0.009,0,0.484992101,0.308264408,0.057520421,0,0.019389196,0.010236973,0,0.367,한길리서치센터,"경기일보,기호일보",유선/스마트폰앱혼합,전화면접,500,15.1,1.36,3
2016-03-31,2016-04-01,2016-04-01,경기,시흥시갑,경기시흥시갑,0.382,0.351,0.082,0,0.044,0.029,0,0.43018018,0.374927826,0.085407058,0,0.045666126,0.030046172,0,0.112,리얼미터,경기신문,유선/스마트폰앱혼합,ARS,503,3,1.93,3
2016-04-01,2016-04-02,2016-04-02,경기,시흥시갑,경기시흥시갑,0.392,0.303,0.074,0,0.019,0.009,0,0.491844417,0.337851242,0.079425078,0,0.020274869,0.009590838,0,0.203,마크로밀엠브레인,YTN,유무선혼합RDD,전화면접,503,11.6,1.41,4
2016-04-04,2016-04-05,2016-04-05,경기,시흥시을,경기시흥시을,0.247,0.402,0.127,0,0,0,0,0.318298969,0.474448825,0.138081331,0,0,0,0,0.224,한국갤럽조사연구소,시흥신문,유선RDD,전화면접,506,8.8,1.93,3
2016-04-03,2016-04-04,2016-04-05,경기,군포시갑,경기군포시갑,0.328,0.251,0.139,0.03,0,0,0,0.438502674,0.292369503,0.154466383,0.032774758,0,0,0,0.252,마크로밀엠브레인,YTN,유무선혼합RDD,전화면접,502,11.9,1.71,3
2016-03-25,2016-03-25,2016-03-25,경기,군포시을,경기군포시을,0.283,0.332,0.104,0,0,0,0,0.393602225,0.400191791,0.115839489,0,0,0,0,0.281,밀워드브라운,조선일보,유선RDD,전화면접,524,8.8,1.4,3
2016-03-25,2016-03-26,2016-03-27,경기,군포시을,경기군포시을,0.33,0.362,0.129,0,0,0,0,0.401948843,0.405398364,0.137769408,0,0,0,0,0.179,리얼미터,경기신문,유선/스마트폰앱혼합,ARS,505,2.8,1.83,4
2016-04-03,2016-04-04,2016-04-05,경기,군포시을,경기군포시을,0.304,0.396,0.14,0,0,0,0,0.361904762,0.441026729,0.148473141,0,0,0,0,0.16,마크로밀엠브레인,YTN,유무선혼합RDD,전화면접,500,12.1,1.83,3
2016-03-19,2016-03-20,2016-03-20,경기,하남시,경기하남시,0.522,0.194,0.091,0,0,0,0,0.646840149,0.208190214,0.096191416,0,0,0,0,0.193,리얼미터,중부일보,유선/스마트폰앱혼합,ARS,510,4.9,2.31,3
2016-03-21,2016-03-22,2016-03-22,경기,하남시,경기하남시,0.354,0.156,0.035,0,0,0,0,0.649541284,0.185594691,0.040223598,0,0,0,0,0.455,한국CNR/케이엠조사연구소,경인일보,유무선혼합RDD,전화면접,535,30.9,1.46,3
2016-03-26,2016-03-27,2016-03-28,경기,용인시정,경기용인시정,0.294,0.369,0.077,0,0,0,0,0.397297297,0.437568105,0.084442287,0,0,0,0,0.26,코리아리서치센터,한국일보,유선RDD,전화면접,500,9.2,2.25,3
2016-04-05,2016-04-05,2016-04-05,경기,용인시정,경기용인시정,0.39,0.379,0.12,0,0,0,0,0.438695163,0.404182526,0.124626421,0,0,0,0,0.111,리얼미터,중부일보,유선/스마트폰앱혼합,ARS,510,1.9,2.34,4
2016-03-30,2016-04-01,2016-04-02,경기,용인시정,경기용인시정,0.377,0.32,0.134,0,0,0,0,0.453670277,0.35255093,0.142519653,0,0,0,0,0.169,리얼미터,서울경제,유선RDD,전화면접/ARS,512,3.7,2.39,3
2016-04-01,2016-04-02,2016-04-03,경기,용인시정,경기용인시정,0.355,0.396,0.069,0,0,0,0,0.432926829,0.44101589,0.073175177,0,0,0,0,0.18,포커스컴퍼니,문화일보,유선RDD,전화면접,500,7.6,2,3
2016-03-25,2016-03-26,2016-03-26,경기,용인시정,경기용인시정,0.39,0.328,0.109,0,0,0,0,0.471584039,0.361001279,0.115762213,0,0,0,0,0.173,리얼미터,경기신문,유선/스마트폰앱혼합,ARS,509,2.6,2.12,3
2016-04-01,2016-04-02,2016-04-03,경기,용인시정,경기용인시정,0.354,0.424,0.088,0,0,0,0,0.408775982,0.460481169,0.091929321,0,0,0,0,0.134,마크로밀엠브레인,YTN,유무선혼합RDD,전화면접,507,12,1.51,3
2016-04-01,2016-04-02,2016-04-02,경기,용인시정,경기용인시정,0.29,0.433,0.08,0,0,0,0,0.361145704,0.495340763,0.085425687,0,0,0,0,0.197,리서치앤리서치,MBC,유선RDD,전화면접,500,7.5,1.5,3
2016-04-02,2016-04-03,2016-04-03,경기,파주시갑,경기파주시갑,0.4042,0.409,0.0979,0,0,0,0,0.443639557,0.430281935,0.100738665,0,0,0,0,0.0889,윈스리서치,"파주에서,파주인,파주시대신문",유선/스마트폰앱혼합,ARS,540,1.2,2.06,3
2016-04-01,2016-04-02,2016-04-02,경기,파주시갑,경기파주시갑,0.297,0.386,0.074,0,0,0,0,0.392338177,0.452871889,0.080503905,0,0,0,0,0.243,밀워드브라운,조선일보,유선RDD,전화면접,512,13.3,1.4,2
2016-04-04,2016-04-05,2016-04-05,경기,파주시갑,경기파주시갑,0.3,0.414,0.078,0,0,0,0,0.378787879,0.475431514,0.083671291,0,0,0,0,0.208,현대리서치연구소,윤후덕,유선RDD,ARS,706,9.6,1.3,3
2016-04-01,2016-04-02,2016-04-02,경기,파주시갑,경기파주시갑,0.212,0.333,0.08,0,0,0,0,0.3392,0.442701409,0.092818041,0,0,0,0,0.375,한길리서치센터,"경기일보,기호일보",유선/스마트폰앱혼합,전화면접,500,16,1.84,3
2016-03-31,2016-04-01,2016-04-01,경기,파주시갑,경기파주시갑,0.273,0.442,0.078,0,0,0,0,0.344262295,0.511418816,0.0835403,0,0,0,0,0.207,마크로밀엠브레인,YTN,유무선혼합RDD,전화면접,502,14.4,1.63,3
2016-04-02,2016-04-03,2016-04-03,경기,파주시을,경기파주시을,0.4161,0.2554,0,0,0.238,0,0,0.457504123,0.268586489,0,0,0.246864762,0,0,0.0905,윈스리서치,"파주에서,파주인,파주시대신문",유선/스마트폰앱혼합,ARS,616,1.4,2.06,3
2016-03-14,2016-03-15,2016-03-15,경기,이천시,경기이천시,0.584,0.261,0,0,0,0,0,0.69112426,0.274123884,0,0,0,0,0,0.155,리얼미터,중부일보,유선/스마트폰앱혼합,ARS,507,3.6,2,3
2016-03-31,2016-04-01,2016-04-01,경기,이천시,경기이천시,0.486,0.259,0,0,0,0,0,0.652348993,0.284194092,0,0,0,0,0,0.255,리얼미터,경기신문,유선/스마트폰앱혼합,ARS,507,5.5,2.42,2
2016-03-18,2016-03-19,2016-03-19,경기,안성시,경기안성시,0.474,0.24,0.1,0,0,0,0,0.582309582,0.260216314,0.106097881,0,0,0,0,0.186,리얼미터,중부일보,유선/스마트폰앱혼합,ARS,513,2.9,2.04,3
2016-04-02,2016-04-03,2016-04-03,경기,김포시갑,경기김포시갑,0.444,0.393,0,0,0,0,0,0.53046595,0.425570645,0,0,0,0,0,0.163,리얼미터,김포데일리,유선/스마트폰앱혼합,ARS,504,3.7,2.16,3
2016-04-02,2016-04-03,2016-04-03,경기,김포시갑,경기김포시갑,0.249,0.35,0,0,0,0,0,0.415692821,0.457102366,0,0,0,0,0,0.401,한국CNR,경인일보,유선/인터넷혼합,전화면접,506,21.2,1.64,3
2016-03-29,2016-03-30,2016-03-31,경기,김포시갑,경기김포시갑,0.377,0.444,0,0,0,0,0,0.459196102,0.491587595,0,0,0,0,0,0.179,마크로밀엠브레인,YTN,유무선혼합RDD,전화면접,510,17.8,1.35,3
2016-04-02,2016-04-03,2016-04-03,경기,김포시을,경기김포시을,0.458,0.284,0.111,0,0,0,0,0.536928488,0.304744413,0.116514283,0,0,0,0,0.147,리얼미터,김포데일리,유선/스마트폰앱혼합,ARS,511,2.2,2.35,3
2016-04-05,2016-04-06,2016-04-06,경기,김포시을,경기김포시을,0.493,0.316,0.112,0,0,0,0,0.535287731,0.328043211,0.114832818,0,0,0,0,0.079,리얼미터,경기신문,유선/스마트폰앱혼합,ARS,516,2.3,2.54,3
2016-03-25,2016-03-26,2016-03-27,경기,화성시을,경기화성시을,0.274,0.422,0.147,0,0,0,0,0.325029656,0.472020136,0.155712126,0,0,0,0,0.157,리얼미터,중부일보,유선/스마트폰앱혼합,ARS,500,1,2.48,3
2016-03-29,2016-03-30,2016-03-30,경기,화성시병,경기화성시병,0.193,0.223,0.063,0,0,0,0,0.402922756,0.323693764,0.079785565,0,0,0,0,0.521,한국CNR,경인일보,유선/인터넷혼합,전화면접,508,20.5,1.19,2
2016-03-27,2016-03-28,2016-03-28,경기,광주시을,경기광주시을,0.408,0.386,0,0,0,0,0,0.513853904,0.428958521,0,0,0,0,0,0.206,리얼미터,중부일보,유선/스마트폰앱혼합,ARS,502,2.1,2.3,3
2016-03-25,2016-03-26,2016-03-26,경기,광주시을,경기광주시을,0.414,0.396,0,0,0,0,0,0.511111111,0.43655071,0,0,0,0,0,0.19,윈스리서치,광주뉴스,유선/스마트폰앱혼합,ARS,1000,1.6,2.45,3
2016-03-25,2016-03-26,2016-03-27,경기,광주시을,경기광주시을,0.398,0.406,0,0,0,0,0,0.495024876,0.450597992,0,0,0,0,0,0.196,리얼미터,경기신문,유선/스마트폰앱혼합,ARS,527,1.7,2.45,3
2016-03-27,2016-03-28,2016-03-28,경기,양주시,경기양주시,0.43,0.285,0,0,0.103,0,0,0.525672372,0.311928005,0,0,0.109504528,0,0,0.182,유앤미리서치,양주동두천신문사,유선/스마트폰앱혼합,ARS,1025,3.7,2.1,3
2016-03-29,2016-03-29,2016-03-29,강원,춘천시,강원춘천시,0.511,0.248,0,0.025,0,0,0,0.651785714,0.268170232,0,0.02645626,0,0,0,0.216,밀워드브라운,조선일보,유선RDD,전화면접,510,15.4,1.2,2
2016-04-04,2016-04-05,2016-04-05,강원,원주시갑,강원원주시갑,0.393,0.332,0.043,0.023,0,0,0,0.496839444,0.371016278,0.046045657,0.024549009,0,0,0,0.209,코리아리서치센터,"춘천KBS·춘천MBC·G1강원민방,강원일보",유선RDD,전화면접,500,14.9,1.58,3
2016-03-26,2016-03-27,2016-03-27,강원,원주시갑,강원원주시갑,0.443,0.256,0.063,0.039,0,0,0,0.553058677,0.280991781,0.067304064,0.04147372,0,0,0,0.199,코리아리서치센터,춘천KBS·춘천MBC·G1강원민방,유선RDD,전화면접,500,17.9,2.46,2
2016-04-03,2016-04-04,2016-04-04,강원,원주시을,강원원주시을,0.382,0.369,0.07,0,0,0,0,0.465286236,0.408056636,0.074204197,0,0,0,0,0.179,코리아리서치센터,"춘천KBS·춘천MBC·G1강원민방,강원일보",유선RDD,전화면접,500,16.9,1.66,3
2016-03-26,2016-03-27,2016-03-27,강원,원주시을,강원원주시을,0.373,0.328,0.092,0,0,0,0,0.4703657,0.368387956,0.098844629,0,0,0,0,0.207,코리아리서치센터,춘천KBS·춘천MBC·G1강원민방,유선RDD,전화면접,500,17.9,2.2,3
2016-03-27,2016-03-27,2016-03-27,강원,원주시을,강원원주시을,0.311,0.17,0.026,0,0,0,0,0.613412229,0.210028949,0.030608358,0,0,0,0,0.493,강원도민일보부설강원사회조사연구소,강원도민일보,유선RDD,전화면접,505,29.3,1.59,3
2016-04-04,2016-04-05,2016-04-05,강원,강릉시,강원강릉시,0.529,0.237,0,0,0,0,0,0.690600522,0.255497916,0,0,0,0,0,0.234,코리아리서치센터,"춘천KBS·춘천MBC·G1강원민방,강원일보",유선RDD,전화면접,500,23.1,1.86,2
2016-03-27,2016-03-07,2016-03-27,강원,강릉시,강원강릉시,0.551,0.175,0,0,0,0,0,0.758953168,0.187375562,0,0,0,0,0,0.274,코리아리서치센터,춘천KBS·춘천MBC·G1강원민방,유선RDD,전화면접,500,21.3,2.12,3
2016-04-03,2016-04-04,2016-04-04,강원,동해시삼척시,강원동해시삼척시,0.272,0.109,0,0,0.405,0,0,0.34605598,0.126735936,0,0,0.461384974,0,0,0.214,코리아리서치센터,"춘천KBS·춘천MBC·G1강원민방,강원일보",유선RDD,전화면접,500,27.1,2.3,2
2016-03-27,2016-03-27,2016-03-27,강원,동해시삼척시,강원동해시삼척시,0.3,0.15,0,0,0.321,0,0,0.389105058,0.1743973,0,0,0.362915935,0,0,0.229,코리아리서치센터,춘천KBS·춘천MBC·G1강원민방,유선RDD,전화면접,500,24,2.48,3
2016-03-31,2016-04-01,2016-04-01,강원,동해시삼척시,강원동해시삼척시,0.292,0.183,0,0,0.296,0,0,0.378728923,0.21335412,0,0,0.333302164,0,0,0.229,마크로밀엠브레인,YTN,유무선혼합RDD,전화면접,511,21.6,1.38,3
2016-04-04,2016-04-05,2016-04-05,강원,태백시횡성군영월군평창군정선군,강원태백시횡성군영월군평창군정선군,0.356,0.114,0,0,0.293,0,0,0.466579292,0.130497599,0,0,0.329185043,0,0,0.237,코리아리서치센터,"춘천KBS·춘천MBC·G1강원민방,강원일보",유선RDD,전화면접,500,25.4,1.61,2
2016-03-27,2016-03-27,2016-03-27,강원,태백시횡성군영월군평창군정선군,강원태백시횡성군영월군평창군정선군,0.367,0.106,0,0,0.255,0,0,0.504120879,0.12252623,0,0,0.289231369,0,0,0.272,코리아리서치센터,춘천KBS·춘천MBC·G1강원민방,유선RDD,전화면접,500,24,2.26,2
2016-03-25,2016-03-26,2016-03-26,강원,태백시횡성군영월군평창군정선군,강원태백시횡성군영월군평창군정선군,0.346,0.078,0,0,0.222,0,0,0.535603715,0.093345684,0,0,0.260885078,0,0,0.354,강원도민일보부설강원사회조사연구소,강원도민일보,유선RDD,전화면접,500,29.4,1.17,2
2016-04-04,2016-04-05,2016-04-05,강원,속초시고성군양양군,강원속초시고성군양양군,0.551,0.187,0,0,0,0,0,0.746612466,0.20029724,0,0,0,0,0,0.262,코리아리서치센터,"춘천KBS·춘천MBC·G1강원민방,강원일보",유선RDD,전화면접,500,29,1.88,2
2016-03-27,2016-03-28,2016-03-28,강원,속초시고성군양양군,강원속초시고성군양양군,0.501,0.057,0,0,0.153,0,0,0.70464135,0.062319509,0,0,0.166311423,0,0,0.289,코리아리서치센터,춘천KBS·춘천MBC·G1강원민방,유선RDD,전화면접,500,22,2.21,2
2016-03-28,2016-03-28,2016-03-28,강원,속초시고성군양양군,강원속초시고성군양양군,0.376,0.079,0,0,0.135,0,0,0.637288136,0.092800542,0,0,0.156053366,0,0,0.41,강원도민일보부설강원사회조사연구소,강원도민일보,유선RDD,전화면접,505,21.2,1.32,2
2016-04-04,2016-04-05,2016-04-05,강원,홍천군철원군화천군양구군인제군,강원홍천군철원군화천군양구군인제군,0.469,0.185,0,0,0.114,0,0,0.610677083,0.203368869,0,0,0.122838745,0,0,0.232,코리아리서치센터,"춘천KBS·춘천MBC·G1강원민방,강원일보",유선RDD,전화면접,500,26.7,1.67,3
2016-03-27,2016-03-27,2016-03-27,강원,홍천군철원군화천군양구군인제군,강원홍천군철원군화천군양구군인제군,0.43,0.225,0,0,0.088,0,0,0.578734859,0.252317152,0,0,0.095750838,0,0,0.257,코리아리서치센터,춘천KBS·춘천MBC·G1강원민방,유선RDD,전화면접,500,19.9,2.1,3
2016-03-31,2016-04-01,2016-04-01,강원,홍천군철원군화천군양구군인제군,강원홍천군철원군화천군양구군인제군,0.431,0.228,0,0,0.083,0,0,0.580862534,0.255644779,0,0,0.090265731,0,0,0.258,마크로밀엠브레인,중앙일보,유무선혼합RDD,전화면접,600,32.2,1.08,2
2016-03-25,2016-03-26,2016-03-26,강원,홍천군철원군화천군양구군인제군,강원홍천군철원군화천군양구군인제군,0.381,0.137,0,0,0.071,0,0,0.646859083,0.160260331,0,0,0.080854607,0,0,0.411,강원도민일보부설강원사회조사연구소,강원도민일보,유선RDD,전화면접,510,37.4,1.91,2
2016-03-26,2016-03-27,2016-03-27,충북,청주시상당구,충북청주시상당구,0.314,0.273,0,0,0,0,0,0.534923339,0.337903347,0,0,0,0,0,0.413,리서치앤리서치,"청주MBC, 충주MBC, CJB",유선RDD,전화면접,500,8.5,1.59,3
2016-03-20,2016-03-21,2016-03-22,충북,청주시상당구,충북청주시상당구,0.437,0.294,0,0,0,0,0,0.597811218,0.329666183,0,0,0,0,0,0.269,마크로밀엠브레인,중앙일보,유무선혼합RDD,전화면접,600,18.3,1.1,3
2016-03-26,2016-03-27,2016-03-27,충북,청주시서원구,충북청주시서원구,0.269,0.281,0.052,0.019,0,0,0,0.433172303,0.35788323,0.06032094,0.021829634,0,0,0,0.379,리서치앤리서치,"청주MBC, 충주MBC, CJB",유선RDD,전화면접,501,9.1,1.63,3
2016-03-31,2016-04-01,2016-04-01,충북,청주시서원구,충북청주시서원구,0.441,0.328,0.082,0.023,0,0,0,0.504576659,0.349838061,0.085468774,0.023886587,0,0,0,0.126,리얼미터,새누리당충북도당,유선/스마트폰앱혼합,ARS,1017,3.2,2.45,2
2016-04-03,2016-04-04,2016-04-04,충북,청주시서원구,충북청주시서원구,0.345,0.329,0.034,0.022,0,0,0,0.47260274,0.383627506,0.037271292,0.024030544,0,0,0,0.27,한국갤럽조사연구소,KBS청주,유선RDD,전화면접,505,15.6,1.9,2
2016-03-26,2016-03-27,2016-03-27,충북,청주시흥덕구,충북청주시흥덕구,0.213,0.239,0.042,0,0.044,0,0,0.395910781,0.331525074,0.051632836,0,0.053458479,0,0,0.462,리서치앤리서치,"청주MBC, 충주MBC, CJB",유선RDD,전화면접,502,8.7,1.54,3
2016-04-01,2016-04-02,2016-04-02,충북,청주시흥덕구,충북청주시흥덕구,0.299,0.324,0.051,0,0.066,0,0,0.404054054,0.383407426,0.056387144,0,0.072539539,0,0,0.26,밀워드브라운,조선일보,유선RDD,전화면접,525,14.6,1.6,3
2016-04-03,2016-04-04,2016-04-05,충북,청주시흥덕구,충북청주시흥덕구,0.294,0.333,0.086,0,0.11,0,0,0.357229648,0.375749108,0.092574776,0,0.117577451,0,0,0.177,마크로밀엠브레인,YTN,유무선혼합RDD,전화면접,506,13.8,1.72,3
2016-04-03,2016-04-05,2016-04-06,충북,청주시흥덕구,충북청주시흥덕구,0.319,0.293,0.044,0,0.074,0,0,0.436986301,0.34552445,0.04886116,0,0.081734367,0,0,0.27,한국갤럽조사연구소,KBS청주,유선RDD,전화면접,500,13.1,2,3
2016-03-26,2016-03-27,2016-03-27,충북,청주시청원구,충북청주시청원구,0.281,0.221,0.062,0,0.042,0,0,0.46369637,0.280209227,0.073121348,0,0.048892529,0,0,0.394,리서치앤리서치,"청주MBC, 충주MBC, CJB",유선RDD,전화면접,503,12.3,1.72,2
2016-04-03,2016-04-04,2016-04-04,충북,청주시청원구,충북청주시청원구,0.333,0.308,0.044,0,0.052,0,0,0.45183175,0.35988382,0.048473334,0,0.057005736,0,0,0.263,한국갤럽조사연구소,KBS청주,유선RDD,전화면접,507,11.8,1.96,2
2016-03-26,2016-03-27,2016-03-27,충북,충주시,충북충주시,0.413,0.178,0,0,0,0,0,0.698815567,0.203007345,0,0,0,0,0,0.409,리서치앤리서치,"청주MBC, 충주MBC, CJB",유선RDD,전화면접,504,12.6,1.42,3
2016-04-03,2016-04-04,2016-04-04,충북,충주시,충북충주시,0.599,0.18,0,0,0,0,0,0.768934531,0.189686426,0,0,0,0,0,0.221,한국갤럽조사연구소,KBS청주,유선RDD,전화면접,503,14.5,1.9,2
2016-03-26,2016-03-27,2016-03-27,충북,제천시단양군,충북제천시단양군,0.409,0.138,0.035,0,0,0,0,0.702749141,0.157579372,0.039091796,0,0,0,0,0.418,리서치앤리서치,"청주MBC, 충주MBC, CJB",유선RDD,전화면접,505,12.6,1.83,2
2016-04-03,2016-04-03,2016-04-03,충북,제천시단양군,충북제천시단양군,0.492,0.185,0.042,0,0,0,0,0.684283727,0.203010319,0.045195598,0,0,0,0,0.281,한국갤럽조사연구소,KBS청주,유선RDD,전화면접,512,22.1,1.97,2
2016-03-26,2016-03-27,2016-03-27,충북,보은군옥천군영동군괴산군,충북보은군옥천군영동군괴산군,0.37,0.201,0,0,0,0,0,0.647985989,0.236753024,0,0,0,0,0,0.429,리서치앤리서치,"청주MBC, 충주MBC, CJB",유선RDD,전화면접,506,12.8,1.36,2
2016-04-03,2016-04-04,2016-04-04,충북,보은군옥천군영동군괴산군,충북보은군옥천군영동군괴산군,0.47,0.217,0,0,0,0,0,0.684133916,0.240807716,0,0,0,0,0,0.313,한국갤럽조사연구소,KBS청주,유선RDD,전화면접,510,14.5,2.07,2
2016-03-26,2016-03-27,2016-03-27,충북,증평군진천군음성군,충북증평군진천군음성군,0.374,0.197,0.032,0,0,0,0,0.620232172,0.231974254,0.036190644,0,0,0,0,0.397,리서치앤리서치,"청주MBC, 충주MBC, CJB",유선RDD,전화면접,500,13.7,1.4,3
2016-04-03,2016-04-04,2016-04-04,충북,증평군진천군음성군,충북증평군진천군음성군,0.39,0.255,0.063,0,0,0,0,0.550847458,0.293492255,0.069433751,0,0,0,0,0.292,한국갤럽조사연구소,KBS청주,유선RDD,전화면접,504,15.5,1.97,2
2016-04-01,2016-04-02,2016-04-02,충남,천안시갑,충남천안시갑,0.368,0.25,0.133,0.048,0,0,0,0.46057572,0.280402432,0.144255045,0.05143409,0,0,0,0.201,충청한길리서치,대전일보,유선/스마트폰앱혼합,ARS,515,2.6,1.2,4
2016-04-04,2016-04-04,2016-04-05,충남,천안시을,충남천안시을,0.31,0.374,0.111,0.057,0,0,0,0.363849765,0.412871995,0.117494912,0.059923256,0,0,0,0.148,리얼미터,충청투데이,유선/스마트폰앱혼합,ARS,511,2.1,2.48,2
2016-04-03,2016-04-04,2016-04-05,충남,천안시을,충남천안시을,0.273,0.424,0.065,0.027,0,0,0,0.346007605,0.491875011,0.069901296,0.028883681,0,0,0,0.211,마크로밀엠브레인,YTN,유무선혼합RDD,전화면접,502,11.8,1.68,3
